path_id,path_edge_id,edge_sequence,company_id,from_entity_id,to_entity_id,edge_type_source,edge_type_standardized,ownership_ratio,ownership_ratio_status,equity_path_flag,investor_entity_id,event_id,transaction_id,entry_method,investment_level,direct_indirect,transaction_date,date_precision,evidence_ids,source_path_status,standardized_path_status,standardization_basis,review_status
PATH-603418-00006,PATH-603418-00006-E01,1,603418,INV-603418-0010,STD-603418-ISSUER,CAPITAL_INCREASE_ENTRY,CAPITAL_INCREASE,,NOT_DISCLOSED,True,INV-603418-0010,EVT-603418-0003,TRX-603418-0003-01,CAPITAL_INCREASE_ENTRY,ISSUER_LEVEL,DIRECT,2020-09,MONTH,EVD-603418-0004-01;EVD-603418-0004-02,AUTO_IDENTIFIED,CONFIRMED,PE/VC Paths Gold PASSED + Week7 PEVC status overlay,FINAL_APPROVED
PATH-603418-00007,PATH-603418-00007-E01,1,603418,INV-603418-0009,STD-603418-ISSUER,CAPITAL_INCREASE_ENTRY,CAPITAL_INCREASE,,NOT_DISCLOSED,True,INV-603418-0009,EVT-603418-0003,TRX-603418-0003-01,CAPITAL_INCREASE_ENTRY,ISSUER_LEVEL,DIRECT,2020-09,MONTH,EVD-603418-0004-01;EVD-603418-0004-02,AUTO_IDENTIFIED,CONFIRMED,PE/VC Paths Gold PASSED + Week7 PEVC status overlay,FINAL_APPROVED
PATH-001,EDGE-001,1,301563,ENT-004,ENT-ISSUER,DIRECT_SHAREHOLDING,EQUITY_HOLDING,,NOT_DISCLOSED,True,ENT-004,CE-003,,,ISSUER_LEVEL,DIRECT,2014-06,MONTH,EVD-008,确认通过,CONFIRMED,Stage8 path edge review_status=确认通过,FINAL_APPROVED
PATH-002,EDGE-002,1,301563,ENT-005,ENT-ISSUER,DIRECT_SHAREHOLDING,EQUITY_HOLDING,,NOT_DISCLOSED,True,ENT-005,CE-004,,,ISSUER_LEVEL,DIRECT,2014-08,MONTH,EVD-013,确认通过,CONFIRMED,Stage8 path edge review_status=确认通过,FINAL_APPROVED
PATH-003,EDGE-003,1,301563,ENT-006,ENT-ISSUER,DIRECT_SHAREHOLDING,EQUITY_HOLDING,,NOT_DISCLOSED,True,ENT-006,CE-004,,,ISSUER_LEVEL,DIRECT,2014-08,MONTH,EVD-014,确认通过,CONFIRMED,Stage8 path edge review_status=确认通过,FINAL_APPROVED
PATH-004,EDGE-004,1,301563,ENT-007,ENT-ISSUER,DIRECT_SHAREHOLDING,EQUITY_HOLDING,,NOT_DISCLOSED,True,ENT-007,CE-004,,,ISSUER_LEVEL,DIRECT,2014-08,MONTH,EVD-013,确认通过,CONFIRMED,Stage8 path edge review_status=确认通过,FINAL_APPROVED
PATH-005,EDGE-005,1,301563,ENT-008,ENT-ISSUER,DIRECT_SHAREHOLDING,EQUITY_HOLDING,,NOT_DISCLOSED,True,ENT-008,CE-007,,,ISSUER_LEVEL,DIRECT,2015-08,MONTH,EVD-003,确认通过,CONFIRMED,Stage8 path edge review_status=确认通过,FINAL_APPROVED
PATH-006,EDGE-006,1,301563,ENT-009,ENT-ISSUER,DIRECT_SHAREHOLDING,EQUITY_HOLDING,,NOT_DISCLOSED,True,ENT-009,CE-007,,,ISSUER_LEVEL,DIRECT,2015-08,MONTH,EVD-004;EVD-025,确认通过,CONFIRMED,Stage8 path edge review_status=确认通过,FINAL_APPROVED
PATH-007,EDGE-007,1,301563,ENT-010,ENT-ISSUER,DIRECT_SHAREHOLDING,EQUITY_HOLDING,,NOT_DISCLOSED,True,ENT-010,CE-007,,,ISSUER_LEVEL,DIRECT,2015-08,MONTH,EVD-003,确认通过,CONFIRMED,Stage8 path edge review_status=确认通过,FINAL_APPROVED
PATH-008,EDGE-008,1,301563,ENT-011,ENT-ISSUER,DIRECT_SHAREHOLDING,EQUITY_HOLDING,,NOT_DISCLOSED,True,ENT-011,CE-007,,,ISSUER_LEVEL,DIRECT,2015-08,MONTH,EVD-003,确认通过,CONFIRMED,Stage8 path edge review_status=确认通过,FINAL_APPROVED
PATH-009,EDGE-009,1,301563,ENT-012,ENT-ISSUER,DIRECT_SHAREHOLDING,EQUITY_HOLDING,,NOT_DISCLOSED,True,ENT-012,CE-007,,,ISSUER_LEVEL,DIRECT,2015-08,MONTH,EVD-017,确认通过,CONFIRMED,Stage8 path edge review_status=确认通过,FINAL_APPROVED
PATH-010,EDGE-010,1,301563,ENT-013,ENT-ISSUER,DIRECT_SHAREHOLDING,EQUITY_HOLDING,,NOT_DISCLOSED,True,ENT-013,CE-009,,,ISSUER_LEVEL,DIRECT,2018-04,MONTH,EVD-004;EVD-005,确认通过,CONFIRMED,Stage8 path edge review_status=确认通过,FINAL_APPROVED
PATH-011,EDGE-011,1,301563,ENT-014,ENT-ISSUER,DIRECT_SHAREHOLDING,EQUITY_HOLDING,,NOT_DISCLOSED,True,ENT-014,CE-010-01,,,ISSUER_LEVEL,DIRECT,,UNKNOWN,EVD-018,确认通过,CONFIRMED,Stage8 path edge review_status=确认通过,FINAL_APPROVED
PATH-012,EDGE-012,1,301563,ENT-015,ENT-ISSUER,DIRECT_SHAREHOLDING,EQUITY_HOLDING,,NOT_DISCLOSED,True,ENT-015,CE-010-01,,,ISSUER_LEVEL,DIRECT,,UNKNOWN,EVD-006;EVD-018,确认通过,CONFIRMED,Stage8 path edge review_status=确认通过,FINAL_APPROVED
PATH-013,EDGE-013,1,301563,ENT-016,ENT-ISSUER,DIRECT_SHAREHOLDING,EQUITY_HOLDING,,NOT_DISCLOSED,True,ENT-016,CE-010-01,,,ISSUER_LEVEL,DIRECT,,UNKNOWN,EVD-018,确认通过,CONFIRMED,Stage8 path edge review_status=确认通过,FINAL_APPROVED
PATH-014,EDGE-014,1,301563,ENT-018,ENT-ISSUER,DIRECT_SHAREHOLDING,EQUITY_HOLDING,,NOT_DISCLOSED,True,ENT-018,CE-010-01,,,ISSUER_LEVEL,DIRECT,,UNKNOWN,EVD-015,确认通过,CONFIRMED,Stage8 path edge review_status=确认通过,FINAL_APPROVED
PATH-015,EDGE-015,1,301563,ENT-019,ENT-ISSUER,DIRECT_SHAREHOLDING,EQUITY_HOLDING,,NOT_DISCLOSED,True,ENT-019,CE-010-01,,,ISSUER_LEVEL,DIRECT,,UNKNOWN,EVD-006;EVD-019,确认通过,CONFIRMED,Stage8 path edge review_status=确认通过,FINAL_APPROVED
PATH-016,EDGE-016,1,301563,ENT-024,ENT-ISSUER,DIRECT_SHAREHOLDING,EQUITY_HOLDING,,NOT_DISCLOSED,True,ENT-024,CE-010-03,,,ISSUER_LEVEL,DIRECT,2018-06,MONTH,EVD-007;EVD-019,确认通过,CONFIRMED,Stage8 path edge review_status=确认通过,FINAL_APPROVED
PATH-017,EDGE-017,1,301563,ENT-025,ENT-ISSUER,DIRECT_SHAREHOLDING,EQUITY_HOLDING,,NOT_DISCLOSED,True,ENT-025,CE-010-03,,,ISSUER_LEVEL,DIRECT,2018-06,MONTH,EVD-007;EVD-019,确认通过,CONFIRMED,Stage8 path edge review_status=确认通过,FINAL_APPROVED
PATH-018,EDGE-018,1,301563,ENT-026,ENT-ISSUER,DIRECT_SHAREHOLDING,EQUITY_HOLDING,,NOT_DISCLOSED,True,ENT-026,CE-010-03,,,ISSUER_LEVEL,DIRECT,2018-06,MONTH,EVD-007;EVD-011,确认通过,CONFIRMED,Stage8 path edge review_status=确认通过,FINAL_APPROVED
PATH-019,EDGE-019,1,301563,ENT-027,ENT-ISSUER,DIRECT_SHAREHOLDING,EQUITY_HOLDING,,NOT_DISCLOSED,True,ENT-027,CE-012,,,ISSUER_LEVEL,DIRECT,2020-05,MONTH,EVD-009,确认通过,CONFIRMED,Stage8 path edge review_status=确认通过,FINAL_APPROVED
PATH-020,EDGE-020,1,301563,ENT-028,ENT-ISSUER,DIRECT_SHAREHOLDING,EQUITY_HOLDING,,NOT_DISCLOSED,True,ENT-028,CE-013-01,,,ISSUER_LEVEL,DIRECT,2020-09,MONTH,EVD-010,确认通过,CONFIRMED,Stage8 path edge review_status=确认通过,FINAL_APPROVED
PATH-021,EDGE-021,1,301563,ENT-029,ENT-ISSUER,DIRECT_SHAREHOLDING,EQUITY_HOLDING,,NOT_DISCLOSED,True,ENT-029,CE-013-01,,,ISSUER_LEVEL,DIRECT,2020-09,MONTH,EVD-016,确认通过,CONFIRMED,Stage8 path edge review_status=确认通过,FINAL_APPROVED
PATH-022,EDGE-022,1,301563,ENT-031,ENT-ISSUER,DIRECT_SHAREHOLDING,EQUITY_HOLDING,,NOT_DISCLOSED,True,ENT-031,CE-013-02,,,ISSUER_LEVEL,DIRECT,2020-09,MONTH,EVD-011,确认通过,CONFIRMED,Stage8 path edge review_status=确认通过,FINAL_APPROVED
PATH-023,EDGE-023,1,301563,ENT-036,ENT-ISSUER,DIRECT_SHAREHOLDING,EQUITY_HOLDING,,NOT_DISCLOSED,True,ENT-036,CE-013-02,,,ISSUER_LEVEL,DIRECT,2020-09,MONTH,EVD-011,确认通过,CONFIRMED,Stage8 path edge review_status=确认通过,FINAL_APPROVED
PATH-024,EDGE-024,1,301563,ENT-013,ENT-009,SHARE_TRANSFER,TRANSFER,,NOT_DISCLOSED,True,ENT-013,CE-009,,TRANSFER_ENTRY,SHAREHOLDER_LEVEL,DIRECT,2018-04,MONTH,EVD-004,确认通过,CONFIRMED,Stage8 path edge review_status=确认通过,FINAL_APPROVED
PATH-025,EDGE-025,1,301563,ENT-009,ENT-013,SHARE_TRANSFER,TRANSFER,,NOT_DISCLOSED,True,ENT-009,CE-009,,TRANSFER_ENTRY,SHAREHOLDER_LEVEL,DIRECT,2018-04,MONTH,EVD-004;EVD-005,确认通过,CONFIRMED,Stage8 path edge review_status=确认通过,FINAL_APPROVED
PATH-026,EDGE-026,1,301563,ENT-003,ENT-024,SHARE_TRANSFER,TRANSFER,,NOT_DISCLOSED,True,ENT-003,CE-010-03,,TRANSFER_ENTRY,SHAREHOLDER_LEVEL,DIRECT,2018-06,MONTH,EVD-007,确认通过,CONFIRMED,Stage8 path edge review_status=确认通过,FINAL_APPROVED
PATH-027,EDGE-027,1,301563,ENT-003,ENT-025,SHARE_TRANSFER,TRANSFER,,NOT_DISCLOSED,True,ENT-003,CE-010-03,,TRANSFER_ENTRY,SHAREHOLDER_LEVEL,DIRECT,2018-06,MONTH,EVD-007,确认通过,CONFIRMED,Stage8 path edge review_status=确认通过,FINAL_APPROVED
PATH-028,EDGE-028,1,301563,ENT-002,ENT-025,SHARE_TRANSFER,TRANSFER,,NOT_DISCLOSED,True,ENT-002,CE-010-03,,TRANSFER_ENTRY,SHAREHOLDER_LEVEL,DIRECT,2018-06,MONTH,EVD-007,确认通过,CONFIRMED,Stage8 path edge review_status=确认通过,FINAL_APPROVED
PATH-029,EDGE-029,1,301563,ENT-002,ENT-026,SHARE_TRANSFER,TRANSFER,,NOT_DISCLOSED,True,ENT-002,CE-010-03,,TRANSFER_ENTRY,SHAREHOLDER_LEVEL,DIRECT,2018-06,MONTH,EVD-007,确认通过,CONFIRMED,Stage8 path edge review_status=确认通过,FINAL_APPROVED
PATH-030,EDGE-030,1,301563,ENT-003,ENT-026,SHARE_TRANSFER,TRANSFER,,NOT_DISCLOSED,True,ENT-003,CE-013-02,,TRANSFER_ENTRY,SHAREHOLDER_LEVEL,DIRECT,2020-09,MONTH,EVD-011,确认通过,CONFIRMED,Stage8 path edge review_status=确认通过,FINAL_APPROVED
PATH-031,EDGE-031,1,301563,ENT-002,ENT-031,SHARE_TRANSFER,TRANSFER,,NOT_DISCLOSED,True,ENT-002,CE-013-02,,TRANSFER_ENTRY,SHAREHOLDER_LEVEL,DIRECT,2020-09,MONTH,EVD-011,确认通过,CONFIRMED,Stage8 path edge review_status=确认通过,FINAL_APPROVED
PATH-032,EDGE-032,1,301563,ENT-002,ENT-036,SHARE_TRANSFER,TRANSFER,,NOT_DISCLOSED,True,ENT-002,CE-013-02,,TRANSFER_ENTRY,SHAREHOLDER_LEVEL,DIRECT,2020-09,MONTH,EVD-011,确认通过,CONFIRMED,Stage8 path edge review_status=确认通过,FINAL_APPROVED
PATH-033,EDGE-033,1,301563,ENT-020,ENT-036,SHARE_TRANSFER,TRANSFER,,NOT_DISCLOSED,True,ENT-020,CE-013-02,,TRANSFER_ENTRY,SHAREHOLDER_LEVEL,DIRECT,2020-09,MONTH,EVD-011,确认通过,CONFIRMED,Stage8 path edge review_status=确认通过,FINAL_APPROVED
PATH-034,EDGE-034,1,301563,ENT-021,ENT-036,SHARE_TRANSFER,TRANSFER,,NOT_DISCLOSED,True,ENT-021,CE-013-02,,TRANSFER_ENTRY,SHAREHOLDER_LEVEL,DIRECT,2020-09,MONTH,EVD-011,确认通过,CONFIRMED,Stage8 path edge review_status=确认通过,FINAL_APPROVED
PATH-035,EDGE-035,1,301563,ENT-005,ENT-ISSUER,CAPITAL_SUBSCRIPTION,CAPITAL_INCREASE,,NOT_DISCLOSED,True,ENT-005,CE-004,,CAPITAL_INCREASE_ENTRY,ISSUER_LEVEL,DIRECT,2014-08,MONTH,EVD-002,确认通过,CONFIRMED,Stage8 path edge review_status=确认通过,FINAL_APPROVED
PATH-036,EDGE-036,1,301563,ENT-006,ENT-ISSUER,CAPITAL_SUBSCRIPTION,CAPITAL_INCREASE,,NOT_DISCLOSED,True,ENT-006,CE-004,,CAPITAL_INCREASE_ENTRY,ISSUER_LEVEL,DIRECT,2014-08,MONTH,EVD-002,确认通过,CONFIRMED,Stage8 path edge review_status=确认通过,FINAL_APPROVED
PATH-037,EDGE-037,1,301563,ENT-007,ENT-ISSUER,CAPITAL_SUBSCRIPTION,CAPITAL_INCREASE,,NOT_DISCLOSED,True,ENT-007,CE-004,,CAPITAL_INCREASE_ENTRY,ISSUER_LEVEL,DIRECT,2014-08,MONTH,EVD-002,确认通过,CONFIRMED,Stage8 path edge review_status=确认通过,FINAL_APPROVED
PATH-038,EDGE-038,1,301563,ENT-005,ENT-ISSUER,CAPITAL_SUBSCRIPTION,CAPITAL_INCREASE,,NOT_DISCLOSED,True,ENT-005,CE-005,,CAPITAL_INCREASE_ENTRY,ISSUER_LEVEL,DIRECT,2015-01,MONTH,EVD-002,确认通过,CONFIRMED,Stage8 path edge review_status=确认通过,FINAL_APPROVED
PATH-039,EDGE-039,1,301563,ENT-006,ENT-ISSUER,CAPITAL_SUBSCRIPTION,CAPITAL_INCREASE,,NOT_DISCLOSED,True,ENT-006,CE-005,,CAPITAL_INCREASE_ENTRY,ISSUER_LEVEL,DIRECT,2015-01,MONTH,EVD-002,确认通过,CONFIRMED,Stage8 path edge review_status=确认通过,FINAL_APPROVED
PATH-040,EDGE-040,1,301563,ENT-007,ENT-ISSUER,CAPITAL_SUBSCRIPTION,CAPITAL_INCREASE,,NOT_DISCLOSED,True,ENT-007,CE-005,,CAPITAL_INCREASE_ENTRY,ISSUER_LEVEL,DIRECT,2015-01,MONTH,EVD-002,确认通过,CONFIRMED,Stage8 path edge review_status=确认通过,FINAL_APPROVED
PATH-041,EDGE-041,1,301563,ENT-008,ENT-ISSUER,CAPITAL_SUBSCRIPTION,CAPITAL_INCREASE,,NOT_DISCLOSED,True,ENT-008,CE-007,,CAPITAL_INCREASE_ENTRY,ISSUER_LEVEL,DIRECT,2015-08,MONTH,EVD-003,确认通过,CONFIRMED,Stage8 path edge review_status=确认通过,FINAL_APPROVED
PATH-042,EDGE-042,1,301563,ENT-009,ENT-ISSUER,CAPITAL_SUBSCRIPTION,CAPITAL_INCREASE,,NOT_DISCLOSED,True,ENT-009,CE-007,,CAPITAL_INCREASE_ENTRY,ISSUER_LEVEL,DIRECT,2015-08,MONTH,EVD-003,确认通过,CONFIRMED,Stage8 path edge review_status=确认通过,FINAL_APPROVED
PATH-043,EDGE-043,1,301563,ENT-010,ENT-ISSUER,CAPITAL_SUBSCRIPTION,CAPITAL_INCREASE,,NOT_DISCLOSED,True,ENT-010,CE-007,,CAPITAL_INCREASE_ENTRY,ISSUER_LEVEL,DIRECT,2015-08,MONTH,EVD-003,确认通过,CONFIRMED,Stage8 path edge review_status=确认通过,FINAL_APPROVED
PATH-044,EDGE-044,1,301563,ENT-011,ENT-ISSUER,CAPITAL_SUBSCRIPTION,CAPITAL_INCREASE,,NOT_DISCLOSED,True,ENT-011,CE-007,,CAPITAL_INCREASE_ENTRY,ISSUER_LEVEL,DIRECT,2015-08,MONTH,EVD-003,确认通过,CONFIRMED,Stage8 path edge review_status=确认通过,FINAL_APPROVED
PATH-045,EDGE-045,1,301563,ENT-012,ENT-ISSUER,CAPITAL_SUBSCRIPTION,CAPITAL_INCREASE,,NOT_DISCLOSED,True,ENT-012,CE-007,,CAPITAL_INCREASE_ENTRY,ISSUER_LEVEL,DIRECT,2015-08,MONTH,EVD-003,确认通过,CONFIRMED,Stage8 path edge review_status=确认通过,FINAL_APPROVED
PATH-046,EDGE-046,1,301563,ENT-007,ENT-ISSUER,CAPITAL_SUBSCRIPTION,CAPITAL_INCREASE,,NOT_DISCLOSED,True,ENT-007,CE-007,,CAPITAL_INCREASE_ENTRY,ISSUER_LEVEL,DIRECT,2015-08,MONTH,EVD-003,确认通过,CONFIRMED,Stage8 path edge review_status=确认通过,FINAL_APPROVED
PATH-047,EDGE-047,1,301563,ENT-014,ENT-ISSUER,CAPITAL_SUBSCRIPTION,CAPITAL_INCREASE,,NOT_DISCLOSED,True,ENT-014,CE-010-01,,CAPITAL_INCREASE_ENTRY,ISSUER_LEVEL,DIRECT,,UNKNOWN,EVD-006,确认通过,CONFIRMED,Stage8 path edge review_status=确认通过,FINAL_APPROVED
PATH-048,EDGE-048,1,301563,ENT-015,ENT-ISSUER,CAPITAL_SUBSCRIPTION,CAPITAL_INCREASE,,NOT_DISCLOSED,True,ENT-015,CE-010-01,,CAPITAL_INCREASE_ENTRY,ISSUER_LEVEL,DIRECT,,UNKNOWN,EVD-006,确认通过,CONFIRMED,Stage8 path edge review_status=确认通过,FINAL_APPROVED
PATH-049,EDGE-049,1,301563,ENT-016,ENT-ISSUER,CAPITAL_SUBSCRIPTION,CAPITAL_INCREASE,,NOT_DISCLOSED,True,ENT-016,CE-010-01,,CAPITAL_INCREASE_ENTRY,ISSUER_LEVEL,DIRECT,,UNKNOWN,EVD-006,确认通过,CONFIRMED,Stage8 path edge review_status=确认通过,FINAL_APPROVED
PATH-050,EDGE-050,1,301563,ENT-017,ENT-ISSUER,CAPITAL_SUBSCRIPTION,CAPITAL_INCREASE,,NOT_DISCLOSED,True,ENT-017,CE-010-01,,CAPITAL_INCREASE_ENTRY,ISSUER_LEVEL,DIRECT,,UNKNOWN,EVD-006,确认通过,CONFIRMED,Stage8 path edge review_status=确认通过,FINAL_APPROVED
PATH-051,EDGE-051,1,301563,ENT-018,ENT-ISSUER,CAPITAL_SUBSCRIPTION,CAPITAL_INCREASE,,NOT_DISCLOSED,True,ENT-018,CE-010-01,,CAPITAL_INCREASE_ENTRY,ISSUER_LEVEL,DIRECT,,UNKNOWN,EVD-006,确认通过,CONFIRMED,Stage8 path edge review_status=确认通过,FINAL_APPROVED
PATH-052,EDGE-052,1,301563,ENT-019,ENT-ISSUER,CAPITAL_SUBSCRIPTION,CAPITAL_INCREASE,,NOT_DISCLOSED,True,ENT-019,CE-010-01,,CAPITAL_INCREASE_ENTRY,ISSUER_LEVEL,DIRECT,,UNKNOWN,EVD-006,确认通过,CONFIRMED,Stage8 path edge review_status=确认通过,FINAL_APPROVED
PATH-053,EDGE-053,1,301563,ENT-027,ENT-ISSUER,CAPITAL_SUBSCRIPTION,CAPITAL_INCREASE,,NOT_DISCLOSED,True,ENT-027,CE-012,,CAPITAL_INCREASE_ENTRY,ISSUER_LEVEL,DIRECT,2020-05,MONTH,EVD-009,确认通过,CONFIRMED,Stage8 path edge review_status=确认通过,FINAL_APPROVED
PATH-054,EDGE-054,1,301563,ENT-028,ENT-ISSUER,CAPITAL_SUBSCRIPTION,CAPITAL_INCREASE,,NOT_DISCLOSED,True,ENT-028,CE-013-01,,CAPITAL_INCREASE_ENTRY,ISSUER_LEVEL,DIRECT,2020-09,MONTH,EVD-010,确认通过,CONFIRMED,Stage8 path edge review_status=确认通过,FINAL_APPROVED
PATH-055,EDGE-055,1,301563,ENT-029,ENT-ISSUER,CAPITAL_SUBSCRIPTION,CAPITAL_INCREASE,,NOT_DISCLOSED,True,ENT-029,CE-013-01,,CAPITAL_INCREASE_ENTRY,ISSUER_LEVEL,DIRECT,2020-09,MONTH,EVD-010,确认通过,CONFIRMED,Stage8 path edge review_status=确认通过,FINAL_APPROVED
PATH-056,EDGE-056,1,301563,ENT-R001,ENT-009,FUND_SOURCE_REPRESENTED_INVESTMENT,OTHER,,NOT_DISCLOSED,True,ENT-R001,CE-007,,,INDIRECT_LEVEL,INDIRECT,2015-08,MONTH,EVD-004;EVD-025,确认通过,CONFIRMED,Stage8 path edge review_status=确认通过,FINAL_APPROVED
PATH-056,EDGE-057,2,301563,ENT-009,ENT-ISSUER,DIRECT_SHAREHOLDING,EQUITY_HOLDING,,NOT_DISCLOSED,True,ENT-R001,CE-007,,,ISSUER_LEVEL,DIRECT,2015-08,MONTH,EVD-003;EVD-004,确认通过,CONFIRMED,Stage8 path edge review_status=确认通过,FINAL_APPROVED
PATH-057,EDGE-058,1,301563,ENT-R002,ENT-013,GENERAL_PARTNER,GP_MANAGEMENT,,NOT_DISCLOSED,False,ENT-R002,,,,INDIRECT_LEVEL,INDIRECT,,UNKNOWN,EVD-005,确认通过,CONFIRMED,Stage8 path edge review_status=确认通过,FINAL_APPROVED
PATH-058,EDGE-059,1,301563,ENT-R003,ENT-013,GENERAL_PARTNER_EXECUTIVE,GP_MANAGEMENT,,NOT_DISCLOSED,False,ENT-R003,,,,INDIRECT_LEVEL,INDIRECT,,UNKNOWN,EVD-005,确认通过,CONFIRMED,Stage8 path edge review_status=确认通过,FINAL_APPROVED
PATH-059,EDGE-060,1,301563,ENT-R002,ENT-012,GENERAL_PARTNER,GP_MANAGEMENT,,NOT_DISCLOSED,False,ENT-R002,,,,INDIRECT_LEVEL,INDIRECT,,UNKNOWN,EVD-017,确认通过,CONFIRMED,Stage8 path edge review_status=确认通过,FINAL_APPROVED
PATH-060,EDGE-061,1,301563,ENT-R004,ENT-006,GENERAL_PARTNER,GP_MANAGEMENT,,NOT_DISCLOSED,False,ENT-R004,,,,INDIRECT_LEVEL,INDIRECT,,UNKNOWN,EVD-014,确认通过,CONFIRMED,Stage8 path edge review_status=确认通过,FINAL_APPROVED
PATH-061,EDGE-062,1,301563,ENT-R005,ENT-007,GENERAL_PARTNER,GP_MANAGEMENT,,NOT_DISCLOSED,False,ENT-R005,,,,INDIRECT_LEVEL,INDIRECT,,UNKNOWN,EVD-013,确认通过,CONFIRMED,Stage8 path edge review_status=确认通过,FINAL_APPROVED
PATH-062,EDGE-063,1,301563,ENT-R006,ENT-018,GENERAL_PARTNER,GP_MANAGEMENT,,NOT_DISCLOSED,False,ENT-R006,,,,INDIRECT_LEVEL,INDIRECT,,UNKNOWN,EVD-015,确认通过,CONFIRMED,Stage8 path edge review_status=确认通过,FINAL_APPROVED
PATH-063,EDGE-064,1,301563,ENT-R007,ENT-016,GENERAL_PARTNER,GP_MANAGEMENT,,NOT_DISCLOSED,False,ENT-R007,,,,INDIRECT_LEVEL,INDIRECT,,UNKNOWN,EVD-018,确认通过,CONFIRMED,Stage8 path edge review_status=确认通过,FINAL_APPROVED
PATH-064,EDGE-065,1,301563,ENT-R008,ENT-029,GENERAL_PARTNER,GP_MANAGEMENT,,NOT_DISCLOSED,False,ENT-R008,,,,INDIRECT_LEVEL,INDIRECT,,UNKNOWN,EVD-016,确认通过,CONFIRMED,Stage8 path edge review_status=确认通过,FINAL_APPROVED
PATH-301606-0001,PATH-301606-0001-E01,1,301606,STD-301606-ZQS,STD-301606-ISSUER,EQUITY_HOLDING,EQUITY_HOLDING,0.7,DISCLOSED_COMPLETE,True,STD-301606-ZQS,EVT-301606-0001,TRX-301606-0001,ESTABLISHMENT_ENTRY,ISSUER_LEVEL,DIRECT,2012-03,MONTH,EVD-301606-0001,WEEK11_PROSPECTUS_IDENTIFIED,CONFIRMED,WEEK8_SCHEMA_V1.0_DIRECT_REUSE,FINAL_APPROVED
PATH-301606-0002,PATH-301606-0002-E01,1,301606,STD-301606-CJL,STD-301606-ISSUER,EQUITY_HOLDING,EQUITY_HOLDING,0.3,DISCLOSED_COMPLETE,True,STD-301606-CJL,EVT-301606-0001,TRX-301606-0001,ESTABLISHMENT_ENTRY,ISSUER_LEVEL,DIRECT,2012-03,MONTH,EVD-301606-0001,WEEK11_PROSPECTUS_IDENTIFIED,CONFIRMED,WEEK8_SCHEMA_V1.0_DIRECT_REUSE,FINAL_APPROVED
PATH-301606-0003,PATH-301606-0003-E01,1,301606,STD-301606-LVLIANZIXUN,STD-301606-ISSUER,CAPITAL_INCREASE,CAPITAL_INCREASE,0.16,DISCLOSED_COMPLETE,True,STD-301606-LVLIANZIXUN,EVT-301606-0003,TRX-301606-0003,CAPITAL_INCREASE_ENTRY,ISSUER_LEVEL,DIRECT,2018-12,MONTH,EVD-301606-0003,WEEK11_PROSPECTUS_IDENTIFIED,CONFIRMED,WEEK8_SCHEMA_V1.0_DIRECT_REUSE,FINAL_APPROVED
PATH-301606-0004,PATH-301606-0004-E01,1,301606,STD-301606-LVLIANHESHUN,STD-301606-ISSUER,CAPITAL_INCREASE,CAPITAL_INCREASE,0.05,DISCLOSED_COMPLETE,True,STD-301606-LVLIANHESHUN,EVT-301606-0004,TRX-301606-0004,CAPITAL_INCREASE_ENTRY,ISSUER_LEVEL,DIRECT,2020-07,MONTH,EVD-301606-0004,WEEK11_PROSPECTUS_IDENTIFIED,CONFIRMED,WEEK8_SCHEMA_V1.0_DIRECT_REUSE,FINAL_APPROVED
PATH-301606-0005,PATH-301606-0005-E01,1,301606,STD-301606-HS2,STD-301606-ISSUER,CAPITAL_INCREASE,CAPITAL_INCREASE,0.00398,DISCLOSED_COMPLETE,True,STD-301606-HS2,EVT-301606-0007,TRX-301606-0008,DIRECTIONAL_ISSUANCE_ENTRY,ISSUER_LEVEL,DIRECT,2021-06,MONTH,EVD-301606-0007,WEEK11_PROSPECTUS_IDENTIFIED,CONFIRMED,WEEK8_SCHEMA_V1.0_DIRECT_REUSE,FINAL_APPROVED
PATH-301606-0006,PATH-301606-0006-E01,1,301606,STD-301606-HS3,STD-301606-ISSUER,CAPITAL_INCREASE,CAPITAL_INCREASE,0.00452,DISCLOSED_COMPLETE,True,STD-301606-HS3,EVT-301606-0007,TRX-301606-0008,DIRECTIONAL_ISSUANCE_ENTRY,ISSUER_LEVEL,DIRECT,2021-06,MONTH,EVD-301606-0007,WEEK11_PROSPECTUS_IDENTIFIED,CONFIRMED,WEEK8_SCHEMA_V1.0_DIRECT_REUSE,FINAL_APPROVED
PATH-301606-0007,PATH-301606-0007-E01,1,301606,STD-301606-HS4,STD-301606-ISSUER,CAPITAL_INCREASE,CAPITAL_INCREASE,0.00486,DISCLOSED_COMPLETE,True,STD-301606-HS4,EVT-301606-0007,TRX-301606-0008,DIRECTIONAL_ISSUANCE_ENTRY,ISSUER_LEVEL,DIRECT,2021-06,MONTH,EVD-301606-0007,WEEK11_PROSPECTUS_IDENTIFIED,CONFIRMED,WEEK8_SCHEMA_V1.0_DIRECT_REUSE,FINAL_APPROVED
PATH-301606-0008,PATH-301606-0008-E01,1,301606,STD-301606-GAOLING,STD-301606-ISSUER,TRANSFER,TRANSFER,0.055556,DISCLOSED_COMPLETE,True,STD-301606-GAOLING,EVT-301606-0005,TRX-301606-0006,TRANSFER_ENTRY,ISSUER_LEVEL,DIRECT,2021-05,MONTH,EVD-301606-0005;EVD-301606-0010,WEEK11_PROSPECTUS_IDENTIFIED,CONFIRMED,WEEK8_SCHEMA_V1.0_DIRECT_REUSE,FINAL_APPROVED
PATH-301606-0009,PATH-301606-0009-E01,1,301606,STD-301606-GAOLING,STD-301606-ISSUER,CAPITAL_INCREASE,CAPITAL_INCREASE,0.09374,DISCLOSED_COMPLETE,True,STD-301606-GAOLING,EVT-301606-0008,TRX-301606-0009,DIRECTIONAL_ISSUANCE_ENTRY,ISSUER_LEVEL,DIRECT,2021-06,MONTH,EVD-301606-0008;EVD-301606-0010,WEEK11_PROSPECTUS_IDENTIFIED,CONFIRMED,WEEK8_SCHEMA_V1.0_DIRECT_REUSE,FINAL_APPROVED
PATH-301606-0010,PATH-301606-0010-E01,1,301606,STD-301606-SHENZHENSHIHENG,STD-301606-ISSUER,CAPITAL_INCREASE,CAPITAL_INCREASE,0.003333,DISCLOSED_COMPLETE,True,STD-301606-SHENZHENSHIHENG,EVT-301606-0008,TRX-301606-0009,DIRECTIONAL_ISSUANCE_ENTRY,ISSUER_LEVEL,DIRECT,2021-06,MONTH,EVD-301606-0008;EVD-301606-0012,WEEK11_PROSPECTUS_IDENTIFIED,CONFIRMED,WEEK8_SCHEMA_V1.0_DIRECT_REUSE,FINAL_APPROVED
PATH-301606-0011,PATH-301606-0011-E01,1,301606,STD-301606-YUANDA,STD-301606-ISSUER,CAPITAL_INCREASE,CAPITAL_INCREASE,0.0025,DISCLOSED_COMPLETE,True,STD-301606-YUANDA,EVT-301606-0008,TRX-301606-0009,DIRECTIONAL_ISSUANCE_ENTRY,ISSUER_LEVEL,DIRECT,2021-06,MONTH,EVD-301606-0008;EVD-301606-0012,WEEK11_PROSPECTUS_IDENTIFIED,CONFIRMED,WEEK8_SCHEMA_V1.0_DIRECT_REUSE,FINAL_APPROVED
PATH-301606-0012,PATH-301606-0012-E01,1,301606,STD-301606-JIANGUO,STD-301606-ISSUER,CAPITAL_INCREASE,CAPITAL_INCREASE,0.0025,DISCLOSED_COMPLETE,True,STD-301606-JIANGUO,EVT-301606-0008,TRX-301606-0009,DIRECTIONAL_ISSUANCE_ENTRY,ISSUER_LEVEL,DIRECT,2021-06,MONTH,EVD-301606-0008;EVD-301606-0011,WEEK11_PROSPECTUS_IDENTIFIED,CONFIRMED,WEEK8_SCHEMA_V1.0_DIRECT_REUSE,FINAL_APPROVED
PATH-688726-0001,PATH-688726-0001-E01,1,688726,STD-688726-067,STD-688726-ISSUER,EQUITY_HOLDING,EQUITY_HOLDING,0.4,DISCLOSED_COMPLETE,True,STD-688726-067,EVT-688726-EST,TRX-688726-0001,ESTABLISHMENT_ENTRY,ISSUER_LEVEL,DIRECT,2016-05,MONTH,EVD-688726-0000,WEEK11_PROSPECTUS_IDENTIFIED,CONFIRMED,WEEK8_SCHEMA_V1.0_DIRECT_REUSE_WITH_OBSERVATION_WINDOW_NOTE,FINAL_APPROVED
PATH-688726-0002,PATH-688726-0002-E01,1,688726,STD-688726-002,STD-688726-ISSUER,EQUITY_HOLDING,EQUITY_HOLDING,0.4,DISCLOSED_COMPLETE,True,STD-688726-002,EVT-688726-EST,TRX-688726-0001,ESTABLISHMENT_ENTRY,ISSUER_LEVEL,DIRECT,2016-05,MONTH,EVD-688726-0000,WEEK11_PROSPECTUS_IDENTIFIED,CONFIRMED,WEEK8_SCHEMA_V1.0_DIRECT_REUSE_WITH_OBSERVATION_WINDOW_NOTE,FINAL_APPROVED
PATH-688726-0003,PATH-688726-0003-E01,1,688726,STD-688726-009,STD-688726-ISSUER,EQUITY_HOLDING,EQUITY_HOLDING,0.2,DISCLOSED_COMPLETE,True,STD-688726-009,EVT-688726-EST,TRX-688726-0001,ESTABLISHMENT_ENTRY,ISSUER_LEVEL,DIRECT,2016-05,MONTH,EVD-688726-0000,WEEK11_PROSPECTUS_IDENTIFIED,CONFIRMED,WEEK8_SCHEMA_V1.0_DIRECT_REUSE_WITH_OBSERVATION_WINDOW_NOTE,FINAL_APPROVED
PATH-688726-0004,PATH-688726-0004-E01,1,688726,STD-688726-065,STD-688726-ISSUER,CAPITAL_INCREASE,CAPITAL_INCREASE,0.34999999385295,DISCLOSED_COMPLETE,True,STD-688726-065,EVT-688726-0001,TRX-688726-0002,CAPITAL_INCREASE_ENTRY,ISSUER_LEVEL,DIRECT,2020-04,MONTH,EVD-688726-0001,WEEK11_PROSPECTUS_IDENTIFIED,CONFIRMED,WEEK8_SCHEMA_V1.0_DIRECT_REUSE_WITH_OBSERVATION_WINDOW_NOTE,FINAL_APPROVED
PATH-688726-0005,PATH-688726-0005-E01,1,688726,STD-688726-021,STD-688726-ISSUER,CAPITAL_INCREASE,CAPITAL_INCREASE,0.0049180417076217,DISCLOSED_COMPLETE,True,STD-688726-021,EVT-688726-0003,TRX-688726-0004,CAPITAL_INCREASE_ENTRY,ISSUER_LEVEL,DIRECT,2020-11,MONTH,EVD-688726-0003,WEEK11_PROSPECTUS_IDENTIFIED,CONFIRMED,WEEK8_SCHEMA_V1.0_DIRECT_REUSE_WITH_OBSERVATION_WINDOW_NOTE,FINAL_APPROVED
PATH-688726-0006,PATH-688726-0006-E01,1,688726,STD-688726-029,STD-688726-ISSUER,CAPITAL_INCREASE,CAPITAL_INCREASE,0.0044262778453729,DISCLOSED_COMPLETE,True,STD-688726-029,EVT-688726-0003,TRX-688726-0004,CAPITAL_INCREASE_ENTRY,ISSUER_LEVEL,DIRECT,2020-11,MONTH,EVD-688726-0003,WEEK11_PROSPECTUS_IDENTIFIED,CONFIRMED,WEEK8_SCHEMA_V1.0_DIRECT_REUSE_WITH_OBSERVATION_WINDOW_NOTE,FINAL_APPROVED
PATH-688726-0007,PATH-688726-0007-E01,1,688726,STD-688726-041,STD-688726-ISSUER,CAPITAL_INCREASE,CAPITAL_INCREASE,0.0044262778453729,DISCLOSED_COMPLETE,True,STD-688726-041,EVT-688726-0003,TRX-688726-0004,CAPITAL_INCREASE_ENTRY,ISSUER_LEVEL,DIRECT,2020-11,MONTH,EVD-688726-0003,WEEK11_PROSPECTUS_IDENTIFIED,CONFIRMED,WEEK8_SCHEMA_V1.0_DIRECT_REUSE_WITH_OBSERVATION_WINDOW_NOTE,FINAL_APPROVED
PATH-688726-0008,PATH-688726-0008-E01,1,688726,STD-688726-066,STD-688726-ISSUER,CAPITAL_INCREASE,CAPITAL_INCREASE,0.0034426493495919,DISCLOSED_COMPLETE,True,STD-688726-066,EVT-688726-0003,TRX-688726-0004,CAPITAL_INCREASE_ENTRY,ISSUER_LEVEL,DIRECT,2020-11,MONTH,EVD-688726-0003,WEEK11_PROSPECTUS_IDENTIFIED,CONFIRMED,WEEK8_SCHEMA_V1.0_DIRECT_REUSE_WITH_OBSERVATION_WINDOW_NOTE,FINAL_APPROVED
PATH-688726-0009,PATH-688726-0009-E01,1,688726,STD-688726-063,STD-688726-ISSUER,CAPITAL_INCREASE,CAPITAL_INCREASE,0.0078688264236815,DISCLOSED_COMPLETE,True,STD-688726-063,EVT-688726-0003,TRX-688726-0004,CAPITAL_INCREASE_ENTRY,ISSUER_LEVEL,DIRECT,2020-11,MONTH,EVD-688726-0003,WEEK11_PROSPECTUS_IDENTIFIED,CONFIRMED,WEEK8_SCHEMA_V1.0_DIRECT_REUSE_WITH_OBSERVATION_WINDOW_NOTE,FINAL_APPROVED
PATH-688726-0010,PATH-688726-0010-E01,1,688726,STD-688726-064,STD-688726-ISSUER,CAPITAL_INCREASE,CAPITAL_INCREASE,0.0059016702034028,DISCLOSED_COMPLETE,True,STD-688726-064,EVT-688726-0003,TRX-688726-0004,CAPITAL_INCREASE_ENTRY,ISSUER_LEVEL,DIRECT,2020-11,MONTH,EVD-688726-0003,WEEK11_PROSPECTUS_IDENTIFIED,CONFIRMED,WEEK8_SCHEMA_V1.0_DIRECT_REUSE_WITH_OBSERVATION_WINDOW_NOTE,FINAL_APPROVED
PATH-688726-0011,PATH-688726-0011-E01,1,688726,STD-688726-062,STD-688726-ISSUER,CAPITAL_INCREASE,CAPITAL_INCREASE,0.0034426493495919,DISCLOSED_COMPLETE,True,STD-688726-062,EVT-688726-0003,TRX-688726-0004,CAPITAL_INCREASE_ENTRY,ISSUER_LEVEL,DIRECT,2020-11,MONTH,EVD-688726-0003,WEEK11_PROSPECTUS_IDENTIFIED,CONFIRMED,WEEK8_SCHEMA_V1.0_DIRECT_REUSE_WITH_OBSERVATION_WINDOW_NOTE,FINAL_APPROVED
PATH-688726-0012,PATH-688726-0012-E01,1,688726,STD-688726-027,STD-688726-ISSUER,CAPITAL_INCREASE,CAPITAL_INCREASE,0.0034426493495919,DISCLOSED_COMPLETE,True,STD-688726-027,EVT-688726-0003,TRX-688726-0004,CAPITAL_INCREASE_ENTRY,ISSUER_LEVEL,DIRECT,2020-11,MONTH,EVD-688726-0003,WEEK11_PROSPECTUS_IDENTIFIED,CONFIRMED,WEEK8_SCHEMA_V1.0_DIRECT_REUSE_WITH_OBSERVATION_WINDOW_NOTE,FINAL_APPROVED
PATH-688726-0013,PATH-688726-0013-E01,1,688726,STD-688726-025,STD-688726-ISSUER,CAPITAL_INCREASE,CAPITAL_INCREASE,0.001967256991562,DISCLOSED_COMPLETE,True,STD-688726-025,EVT-688726-0003,TRX-688726-0004,CAPITAL_INCREASE_ENTRY,ISSUER_LEVEL,DIRECT,2020-11,MONTH,EVD-688726-0003,WEEK11_PROSPECTUS_IDENTIFIED,CONFIRMED,WEEK8_SCHEMA_V1.0_DIRECT_REUSE_WITH_OBSERVATION_WINDOW_NOTE,FINAL_APPROVED
PATH-688726-0014,PATH-688726-0014-E01,1,688726,STD-688726-031,STD-688726-ISSUER,CAPITAL_INCREASE,CAPITAL_INCREASE,0.0050163944800715,DISCLOSED_COMPLETE,True,STD-688726-031,EVT-688726-0003,TRX-688726-0004,CAPITAL_INCREASE_ENTRY,ISSUER_LEVEL,DIRECT,2020-11,MONTH,EVD-688726-0003,WEEK11_PROSPECTUS_IDENTIFIED,CONFIRMED,WEEK8_SCHEMA_V1.0_DIRECT_REUSE_WITH_OBSERVATION_WINDOW_NOTE,FINAL_APPROVED
PATH-688726-0015,PATH-688726-0015-E01,1,688726,STD-688726-057,STD-688726-ISSUER,CAPITAL_INCREASE,CAPITAL_INCREASE,0.0590163997201783,DISCLOSED_COMPLETE,True,STD-688726-057,EVT-688726-0003,TRX-688726-0004,CAPITAL_INCREASE_ENTRY,ISSUER_LEVEL,DIRECT,2020-11,MONTH,EVD-688726-0003,WEEK11_PROSPECTUS_IDENTIFIED,CONFIRMED,WEEK8_SCHEMA_V1.0_DIRECT_REUSE_WITH_OBSERVATION_WINDOW_NOTE,FINAL_APPROVED
PATH-688726-0016,PATH-688726-0016-E01,1,688726,STD-688726-018,STD-688726-ISSUER,CAPITAL_INCREASE,CAPITAL_INCREASE,0.065573788663674,DISCLOSED_COMPLETE,True,STD-688726-018,EVT-688726-0003,TRX-688726-0004,CAPITAL_INCREASE_ENTRY,ISSUER_LEVEL,DIRECT,2020-11,MONTH,EVD-688726-0003,WEEK11_PROSPECTUS_IDENTIFIED,CONFIRMED,WEEK8_SCHEMA_V1.0_DIRECT_REUSE_WITH_OBSERVATION_WINDOW_NOTE,FINAL_APPROVED
PATH-688726-0017,PATH-688726-0017-E01,1,688726,STD-688726-010,STD-688726-ISSUER,CAPITAL_INCREASE,CAPITAL_INCREASE,0.0108852132451356,DISCLOSED_COMPLETE,True,STD-688726-010,EVT-688726-0003,TRX-688726-0004,CAPITAL_INCREASE_ENTRY,ISSUER_LEVEL,DIRECT,2020-11,MONTH,EVD-688726-0003,WEEK11_PROSPECTUS_IDENTIFIED,CONFIRMED,WEEK8_SCHEMA_V1.0_DIRECT_REUSE_WITH_OBSERVATION_WINDOW_NOTE,FINAL_APPROVED
PATH-688726-0018,PATH-688726-0018-E01,1,688726,STD-688726-006,STD-688726-ISSUER,CAPITAL_INCREASE,CAPITAL_INCREASE,0.0500296161759916,DISCLOSED_COMPLETE,True,STD-688726-006,EVT-688726-0004,TRX-688726-0005,CAPITAL_INCREASE_ENTRY,ISSUER_LEVEL,DIRECT,2020-12,MONTH,EVD-688726-0004,WEEK11_PROSPECTUS_IDENTIFIED,CONFIRMED,WEEK8_SCHEMA_V1.0_DIRECT_REUSE_WITH_OBSERVATION_WINDOW_NOTE,FINAL_APPROVED
PATH-688726-0019,PATH-688726-0019-E01,1,688726,STD-688726-055,STD-688726-ISSUER,CAPITAL_INCREASE,CAPITAL_INCREASE,0.0249851510996348,DISCLOSED_COMPLETE,True,STD-688726-055,EVT-688726-0004,TRX-688726-0005,CAPITAL_INCREASE_ENTRY,ISSUER_LEVEL,DIRECT,2020-12,MONTH,EVD-688726-0004,WEEK11_PROSPECTUS_IDENTIFIED,CONFIRMED,WEEK8_SCHEMA_V1.0_DIRECT_REUSE_WITH_OBSERVATION_WINDOW_NOTE,FINAL_APPROVED
PATH-688726-0020,PATH-688726-0020-E01,1,688726,STD-688726-058,STD-688726-ISSUER,CAPITAL_INCREASE,CAPITAL_INCREASE,0.0249852417937888,DISCLOSED_COMPLETE,True,STD-688726-058,EVT-688726-0004,TRX-688726-0005,CAPITAL_INCREASE_ENTRY,ISSUER_LEVEL,DIRECT,2020-12,MONTH,EVD-688726-0004,WEEK11_PROSPECTUS_IDENTIFIED,CONFIRMED,WEEK8_SCHEMA_V1.0_DIRECT_REUSE_WITH_OBSERVATION_WINDOW_NOTE,FINAL_APPROVED
PATH-688726-0021,PATH-688726-0021-E01,1,688726,STD-688726-040,STD-688726-ISSUER,CAPITAL_INCREASE,CAPITAL_INCREASE,0.0234741981941851,DISCLOSED_COMPLETE,True,STD-688726-040,EVT-688726-0006,TRX-688726-0012,CAPITAL_INCREASE_ENTRY,ISSUER_LEVEL,DIRECT,2021-09,MONTH,EVD-688726-0006,WEEK11_PROSPECTUS_IDENTIFIED,CONFIRMED,WEEK8_SCHEMA_V1.0_DIRECT_REUSE_WITH_OBSERVATION_WINDOW_NOTE,FINAL_APPROVED
PATH-688726-0022,PATH-688726-0022-E01,1,688726,STD-688726-045,STD-688726-ISSUER,CAPITAL_INCREASE,CAPITAL_INCREASE,0.0234741981941851,DISCLOSED_COMPLETE,True,STD-688726-045,EVT-688726-0006,TRX-688726-0012,CAPITAL_INCREASE_ENTRY,ISSUER_LEVEL,DIRECT,2021-09,MONTH,EVD-688726-0006,WEEK11_PROSPECTUS_IDENTIFIED,CONFIRMED,WEEK8_SCHEMA_V1.0_DIRECT_REUSE_WITH_OBSERVATION_WINDOW_NOTE,FINAL_APPROVED
PATH-688726-0023,PATH-688726-0023-E01,1,688726,STD-688726-008,STD-688726-ISSUER,CAPITAL_INCREASE,CAPITAL_INCREASE,0.0234741981941851,DISCLOSED_COMPLETE,True,STD-688726-008,EVT-688726-0006,TRX-688726-0012,CAPITAL_INCREASE_ENTRY,ISSUER_LEVEL,DIRECT,2021-09,MONTH,EVD-688726-0006,WEEK11_PROSPECTUS_IDENTIFIED,CONFIRMED,WEEK8_SCHEMA_V1.0_DIRECT_REUSE_WITH_OBSERVATION_WINDOW_NOTE,FINAL_APPROVED
PATH-688726-0024,PATH-688726-0024-E01,1,688726,STD-688726-050,STD-688726-ISSUER,CAPITAL_INCREASE,CAPITAL_INCREASE,0.0191455584997513,DISCLOSED_COMPLETE,True,STD-688726-050,EVT-688726-0006,TRX-688726-0012,CAPITAL_INCREASE_ENTRY,ISSUER_LEVEL,DIRECT,2021-09,MONTH,EVD-688726-0006,WEEK11_PROSPECTUS_IDENTIFIED,CONFIRMED,WEEK8_SCHEMA_V1.0_DIRECT_REUSE_WITH_OBSERVATION_WINDOW_NOTE,FINAL_APPROVED
PATH-688726-0025,PATH-688726-0025-E01,1,688726,STD-688726-061,STD-688726-ISSUER,CAPITAL_INCREASE,CAPITAL_INCREASE,0.0281690378330221,DISCLOSED_COMPLETE,True,STD-688726-061,EVT-688726-0006,TRX-688726-0012,CAPITAL_INCREASE_ENTRY,ISSUER_LEVEL,DIRECT,2021-09,MONTH,EVD-688726-0006,WEEK11_PROSPECTUS_IDENTIFIED,CONFIRMED,WEEK8_SCHEMA_V1.0_DIRECT_REUSE_WITH_OBSERVATION_WINDOW_NOTE,FINAL_APPROVED
PATH-688726-0026,PATH-688726-0026-E01,1,688726,STD-688726-016,STD-688726-ISSUER,CAPITAL_INCREASE,CAPITAL_INCREASE,0.0010422672758349,DISCLOSED_COMPLETE,True,STD-688726-016,EVT-688726-0006,TRX-688726-0012,CAPITAL_INCREASE_ENTRY,ISSUER_LEVEL,DIRECT,2021-09,MONTH,EVD-688726-0006,WEEK11_PROSPECTUS_IDENTIFIED,CONFIRMED,WEEK8_SCHEMA_V1.0_DIRECT_REUSE_WITH_OBSERVATION_WINDOW_NOTE,FINAL_APPROVED
PATH-688726-0027,PATH-688726-0027-E01,1,688726,STD-688726-074,STD-688726-ISSUER,CAPITAL_INCREASE,CAPITAL_INCREASE,0.009389679277674,DISCLOSED_COMPLETE,True,STD-688726-074,EVT-688726-0006,TRX-688726-0012,CAPITAL_INCREASE_ENTRY,ISSUER_LEVEL,DIRECT,2021-09,MONTH,EVD-688726-0006,WEEK11_PROSPECTUS_IDENTIFIED,CONFIRMED,WEEK8_SCHEMA_V1.0_DIRECT_REUSE_WITH_OBSERVATION_WINDOW_NOTE,FINAL_APPROVED
PATH-688726-0028,PATH-688726-0028-E01,1,688726,STD-688726-075,STD-688726-ISSUER,CAPITAL_INCREASE,CAPITAL_INCREASE,0.0112675844760347,DISCLOSED_COMPLETE,True,STD-688726-075,EVT-688726-0006,TRX-688726-0012,CAPITAL_INCREASE_ENTRY,ISSUER_LEVEL,DIRECT,2021-09,MONTH,EVD-688726-0006,WEEK11_PROSPECTUS_IDENTIFIED,CONFIRMED,WEEK8_SCHEMA_V1.0_DIRECT_REUSE_WITH_OBSERVATION_WINDOW_NOTE,FINAL_APPROVED
PATH-688726-0029,PATH-688726-0029-E01,1,688726,STD-688726-033,STD-688726-ISSUER,CAPITAL_INCREASE,CAPITAL_INCREASE,0.0028169344404762,DISCLOSED_COMPLETE,True,STD-688726-033,EVT-688726-0006,TRX-688726-0012,CAPITAL_INCREASE_ENTRY,ISSUER_LEVEL,DIRECT,2021-09,MONTH,EVD-688726-0006,WEEK11_PROSPECTUS_IDENTIFIED,CONFIRMED,WEEK8_SCHEMA_V1.0_DIRECT_REUSE_WITH_OBSERVATION_WINDOW_NOTE,FINAL_APPROVED
PATH-688726-0030,PATH-688726-0030-E01,1,688726,STD-688726-014,STD-688726-ISSUER,CAPITAL_INCREASE,CAPITAL_INCREASE,0.0056337922380173,DISCLOSED_COMPLETE,True,STD-688726-014,EVT-688726-0006,TRX-688726-0012,CAPITAL_INCREASE_ENTRY,ISSUER_LEVEL,DIRECT,2021-09,MONTH,EVD-688726-0006,WEEK11_PROSPECTUS_IDENTIFIED,CONFIRMED,WEEK8_SCHEMA_V1.0_DIRECT_REUSE_WITH_OBSERVATION_WINDOW_NOTE,FINAL_APPROVED
PATH-688726-0031,PATH-688726-0031-E01,1,688726,STD-688726-026,STD-688726-ISSUER,CAPITAL_INCREASE,CAPITAL_INCREASE,0.0070422594582555,DISCLOSED_COMPLETE,True,STD-688726-026,EVT-688726-0006,TRX-688726-0012,CAPITAL_INCREASE_ENTRY,ISSUER_LEVEL,DIRECT,2021-09,MONTH,EVD-688726-0006,WEEK11_PROSPECTUS_IDENTIFIED,CONFIRMED,WEEK8_SCHEMA_V1.0_DIRECT_REUSE_WITH_OBSERVATION_WINDOW_NOTE,FINAL_APPROVED
PATH-688726-0032,PATH-688726-0032-E01,1,688726,STD-688726-003,STD-688726-ISSUER,CAPITAL_INCREASE,CAPITAL_INCREASE,0.0141592888391917,DISCLOSED_COMPLETE,True,STD-688726-003,EVT-688726-0009,TRX-688726-0019,CAPITAL_INCREASE_ENTRY,ISSUER_LEVEL,DIRECT,2021-12,MONTH,EVD-688726-0009,WEEK11_PROSPECTUS_IDENTIFIED,CONFIRMED,WEEK8_SCHEMA_V1.0_DIRECT_REUSE_WITH_OBSERVATION_WINDOW_NOTE,FINAL_APPROVED
PATH-688726-0033,PATH-688726-0033-E01,1,688726,STD-688726-030,STD-688726-ISSUER,CAPITAL_INCREASE,CAPITAL_INCREASE,0.0146017959605875,DISCLOSED_COMPLETE,True,STD-688726-030,EVT-688726-0009,TRX-688726-0019,CAPITAL_INCREASE_ENTRY,ISSUER_LEVEL,DIRECT,2021-12,MONTH,EVD-688726-0009,WEEK11_PROSPECTUS_IDENTIFIED,CONFIRMED,WEEK8_SCHEMA_V1.0_DIRECT_REUSE_WITH_OBSERVATION_WINDOW_NOTE,FINAL_APPROVED
PATH-688726-0034,PATH-688726-0034-E01,1,688726,STD-688726-043,STD-688726-ISSUER,CAPITAL_INCREASE,CAPITAL_INCREASE,0.0154867379691119,DISCLOSED_COMPLETE,True,STD-688726-043,EVT-688726-0009,TRX-688726-0019,CAPITAL_INCREASE_ENTRY,ISSUER_LEVEL,DIRECT,2021-12,MONTH,EVD-688726-0009,WEEK11_PROSPECTUS_IDENTIFIED,CONFIRMED,WEEK8_SCHEMA_V1.0_DIRECT_REUSE_WITH_OBSERVATION_WINDOW_NOTE,FINAL_APPROVED
PATH-688726-0035,PATH-688726-0035-E01,1,688726,STD-688726-007,STD-688726-ISSUER,CAPITAL_INCREASE,CAPITAL_INCREASE,0.0132743468306673,DISCLOSED_COMPLETE,True,STD-688726-007,EVT-688726-0009,TRX-688726-0019,CAPITAL_INCREASE_ENTRY,ISSUER_LEVEL,DIRECT,2021-12,MONTH,EVD-688726-0009,WEEK11_PROSPECTUS_IDENTIFIED,CONFIRMED,WEEK8_SCHEMA_V1.0_DIRECT_REUSE_WITH_OBSERVATION_WINDOW_NOTE,FINAL_APPROVED
PATH-688726-0036,PATH-688726-0036-E01,1,688726,STD-688726-034,STD-688726-ISSUER,CAPITAL_INCREASE,CAPITAL_INCREASE,0.0044052898285312,DISCLOSED_COMPLETE,True,STD-688726-034,EVT-688726-0012,TRX-688726-0031,CAPITAL_INCREASE_ENTRY,ISSUER_LEVEL,DIRECT,2022-05,MONTH,EVD-688726-0012,WEEK11_PROSPECTUS_IDENTIFIED,CONFIRMED,WEEK8_SCHEMA_V1.0_DIRECT_REUSE_WITH_OBSERVATION_WINDOW_NOTE,FINAL_APPROVED
PATH-688726-0037,PATH-688726-0037-E01,1,688726,STD-688726-032,STD-688726-ISSUER,CAPITAL_INCREASE,CAPITAL_INCREASE,0.0099687236846942,DISCLOSED_COMPLETE,True,STD-688726-032,EVT-688726-0013,TRX-688726-0032,CAPITAL_INCREASE_ENTRY,ISSUER_LEVEL,DIRECT,2022-07,MONTH,EVD-688726-0013,WEEK11_PROSPECTUS_IDENTIFIED,CONFIRMED,WEEK8_SCHEMA_V1.0_DIRECT_REUSE_WITH_OBSERVATION_WINDOW_NOTE,FINAL_APPROVED
PATH-688726-0038,PATH-688726-0038-E01,1,688726,STD-688726-071,STD-688726-ISSUER,CAPITAL_INCREASE,CAPITAL_INCREASE,0.0074276943868435,DISCLOSED_COMPLETE,True,STD-688726-071,EVT-688726-0013,TRX-688726-0032,CAPITAL_INCREASE_ENTRY,ISSUER_LEVEL,DIRECT,2022-07,MONTH,EVD-688726-0013,WEEK11_PROSPECTUS_IDENTIFIED,CONFIRMED,WEEK8_SCHEMA_V1.0_DIRECT_REUSE_WITH_OBSERVATION_WINDOW_NOTE,FINAL_APPROVED
PATH-688726-0039,PATH-688726-0039-E01,1,688726,STD-688726-076,STD-688726-ISSUER,CAPITAL_INCREASE,CAPITAL_INCREASE,0.0029319568821353,DISCLOSED_COMPLETE,True,STD-688726-076,EVT-688726-0013,TRX-688726-0032,CAPITAL_INCREASE_ENTRY,ISSUER_LEVEL,DIRECT,2022-07,MONTH,EVD-688726-0013,WEEK11_PROSPECTUS_IDENTIFIED,CONFIRMED,WEEK8_SCHEMA_V1.0_DIRECT_REUSE_WITH_OBSERVATION_WINDOW_NOTE,FINAL_APPROVED
PATH-688726-0040,PATH-688726-0040-E01,1,688726,STD-688726-075,STD-688726-ISSUER,CAPITAL_INCREASE,CAPITAL_INCREASE,0.0023455655057082,DISCLOSED_COMPLETE,True,STD-688726-075,EVT-688726-0013,TRX-688726-0032,CAPITAL_INCREASE_ENTRY,ISSUER_LEVEL,DIRECT,2022-07,MONTH,EVD-688726-0013,WEEK11_PROSPECTUS_IDENTIFIED,CONFIRMED,WEEK8_SCHEMA_V1.0_DIRECT_REUSE_WITH_OBSERVATION_WINDOW_NOTE,FINAL_APPROVED
PATH-688726-0041,PATH-688726-0041-E01,1,688726,STD-688726-015,STD-688726-ISSUER,CAPITAL_INCREASE,CAPITAL_INCREASE,0.0151659024932852,DISCLOSED_COMPLETE,True,STD-688726-015,EVT-688726-0014,TRX-688726-0033,CAPITAL_INCREASE_ENTRY,ISSUER_LEVEL,DIRECT,2022-07,MONTH,EVD-688726-0014,WEEK11_PROSPECTUS_IDENTIFIED,CONFIRMED,WEEK8_SCHEMA_V1.0_DIRECT_REUSE_WITH_OBSERVATION_WINDOW_NOTE,FINAL_APPROVED
PATH-688726-0042,PATH-688726-0042-E01,1,688726,STD-688726-049,STD-688726-ISSUER,CAPITAL_INCREASE,CAPITAL_INCREASE,0.0054976583997062,DISCLOSED_COMPLETE,True,STD-688726-049,EVT-688726-0014,TRX-688726-0033,CAPITAL_INCREASE_ENTRY,ISSUER_LEVEL,DIRECT,2022-07,MONTH,EVD-688726-0014,WEEK11_PROSPECTUS_IDENTIFIED,CONFIRMED,WEEK8_SCHEMA_V1.0_DIRECT_REUSE_WITH_OBSERVATION_WINDOW_NOTE,FINAL_APPROVED
PATH-688726-0043,PATH-688726-0043-E01,1,688726,STD-688726-048,STD-688726-ISSUER,CAPITAL_INCREASE,CAPITAL_INCREASE,0.0094786720165847,DISCLOSED_COMPLETE,True,STD-688726-048,EVT-688726-0014,TRX-688726-0033,CAPITAL_INCREASE_ENTRY,ISSUER_LEVEL,DIRECT,2022-07,MONTH,EVD-688726-0014,WEEK11_PROSPECTUS_IDENTIFIED,CONFIRMED,WEEK8_SCHEMA_V1.0_DIRECT_REUSE_WITH_OBSERVATION_WINDOW_NOTE,FINAL_APPROVED
PATH-688726-0044,PATH-688726-0044-E01,1,688726,STD-688726-039,STD-688726-ISSUER,CAPITAL_INCREASE,CAPITAL_INCREASE,0.0337058239617852,DISCLOSED_COMPLETE,True,STD-688726-039,EVT-688726-0016,TRX-688726-0039,CAPITAL_INCREASE_ENTRY,ISSUER_LEVEL,DIRECT,2022-08,MONTH,EVD-688726-0016,WEEK11_PROSPECTUS_IDENTIFIED,CONFIRMED,WEEK8_SCHEMA_V1.0_DIRECT_REUSE_WITH_OBSERVATION_WINDOW_NOTE,FINAL_APPROVED
PATH-688726-0045,PATH-688726-0045-E01,1,688726,STD-688726-015,STD-688726-ISSUER,CAPITAL_INCREASE,CAPITAL_INCREASE,0.0156270443410538,DISCLOSED_COMPLETE,True,STD-688726-015,EVT-688726-0018,TRX-688726-0043,CAPITAL_INCREASE_ENTRY,ISSUER_LEVEL,DIRECT,2022-12,MONTH,EVD-688726-0018,WEEK11_PROSPECTUS_IDENTIFIED,CONFIRMED,WEEK8_SCHEMA_V1.0_DIRECT_REUSE_WITH_OBSERVATION_WINDOW_NOTE,FINAL_APPROVED
PATH-688726-0046,PATH-688726-0046-E01,1,688726,STD-688726-013,STD-688726-ISSUER,CAPITAL_INCREASE,CAPITAL_INCREASE,0.0098971400916465,DISCLOSED_COMPLETE,True,STD-688726-013,EVT-688726-0018,TRX-688726-0043,CAPITAL_INCREASE_ENTRY,ISSUER_LEVEL,DIRECT,2022-12,MONTH,EVD-688726-0018,WEEK11_PROSPECTUS_IDENTIFIED,CONFIRMED,WEEK8_SCHEMA_V1.0_DIRECT_REUSE_WITH_OBSERVATION_WINDOW_NOTE,FINAL_APPROVED
PATH-688726-0047,PATH-688726-0047-E01,1,688726,STD-688726-042,STD-688726-ISSUER,CAPITAL_INCREASE,CAPITAL_INCREASE,0.006511268475439,DISCLOSED_COMPLETE,True,STD-688726-042,EVT-688726-0018,TRX-688726-0043,CAPITAL_INCREASE_ENTRY,ISSUER_LEVEL,DIRECT,2022-12,MONTH,EVD-688726-0018,WEEK11_PROSPECTUS_IDENTIFIED,CONFIRMED,WEEK8_SCHEMA_V1.0_DIRECT_REUSE_WITH_OBSERVATION_WINDOW_NOTE,FINAL_APPROVED
PATH-688726-0048,PATH-688726-0048-E01,1,688726,STD-688726-056,STD-688726-ISSUER,CAPITAL_INCREASE,CAPITAL_INCREASE,0.006511268475439,DISCLOSED_COMPLETE,True,STD-688726-056,EVT-688726-0018,TRX-688726-0043,CAPITAL_INCREASE_ENTRY,ISSUER_LEVEL,DIRECT,2022-12,MONTH,EVD-688726-0018,WEEK11_PROSPECTUS_IDENTIFIED,CONFIRMED,WEEK8_SCHEMA_V1.0_DIRECT_REUSE_WITH_OBSERVATION_WINDOW_NOTE,FINAL_APPROVED
PATH-688726-0049,PATH-688726-0049-E01,1,688726,STD-688726-034,STD-688726-ISSUER,CAPITAL_INCREASE,CAPITAL_INCREASE,0.006511268475439,DISCLOSED_COMPLETE,True,STD-688726-034,EVT-688726-0018,TRX-688726-0043,CAPITAL_INCREASE_ENTRY,ISSUER_LEVEL,DIRECT,2022-12,MONTH,EVD-688726-0018,WEEK11_PROSPECTUS_IDENTIFIED,CONFIRMED,WEEK8_SCHEMA_V1.0_DIRECT_REUSE_WITH_OBSERVATION_WINDOW_NOTE,FINAL_APPROVED
PATH-688726-0050,PATH-688726-0050-E01,1,688726,STD-688726-054,STD-688726-ISSUER,CAPITAL_INCREASE,CAPITAL_INCREASE,0.0052090147803512,DISCLOSED_COMPLETE,True,STD-688726-054,EVT-688726-0018,TRX-688726-0043,CAPITAL_INCREASE_ENTRY,ISSUER_LEVEL,DIRECT,2022-12,MONTH,EVD-688726-0018,WEEK11_PROSPECTUS_IDENTIFIED,CONFIRMED,WEEK8_SCHEMA_V1.0_DIRECT_REUSE_WITH_OBSERVATION_WINDOW_NOTE,FINAL_APPROVED
PATH-688726-0051,PATH-688726-0051-E01,1,688726,STD-688726-071,STD-688726-ISSUER,CAPITAL_INCREASE,CAPITAL_INCREASE,0.0058601416278951,DISCLOSED_COMPLETE,True,STD-688726-071,EVT-688726-0018,TRX-688726-0043,CAPITAL_INCREASE_ENTRY,ISSUER_LEVEL,DIRECT,2022-12,MONTH,EVD-688726-0018,WEEK11_PROSPECTUS_IDENTIFIED,CONFIRMED,WEEK8_SCHEMA_V1.0_DIRECT_REUSE_WITH_OBSERVATION_WINDOW_NOTE,FINAL_APPROVED
PATH-688726-0052,PATH-688726-0052-E01,1,688726,STD-688726-052,STD-688726-ISSUER,CAPITAL_INCREASE,CAPITAL_INCREASE,0.0049485400233754,DISCLOSED_COMPLETE,True,STD-688726-052,EVT-688726-0018,TRX-688726-0043,CAPITAL_INCREASE_ENTRY,ISSUER_LEVEL,DIRECT,2022-12,MONTH,EVD-688726-0018,WEEK11_PROSPECTUS_IDENTIFIED,CONFIRMED,WEEK8_SCHEMA_V1.0_DIRECT_REUSE_WITH_OBSERVATION_WINDOW_NOTE,FINAL_APPROVED
PATH-688726-0053,PATH-688726-0053-E01,1,688726,STD-688726-017,STD-688726-ISSUER,CAPITAL_INCREASE,CAPITAL_INCREASE,0.0045578879328073,DISCLOSED_COMPLETE,True,STD-688726-017,EVT-688726-0018,TRX-688726-0043,CAPITAL_INCREASE_ENTRY,ISSUER_LEVEL,DIRECT,2022-12,MONTH,EVD-688726-0018,WEEK11_PROSPECTUS_IDENTIFIED,CONFIRMED,WEEK8_SCHEMA_V1.0_DIRECT_REUSE_WITH_OBSERVATION_WINDOW_NOTE,FINAL_APPROVED
PATH-688726-0054,PATH-688726-0054-E01,1,688726,STD-688726-011,STD-688726-ISSUER,CAPITAL_INCREASE,CAPITAL_INCREASE,0.0039067610852634,DISCLOSED_COMPLETE,True,STD-688726-011,EVT-688726-0018,TRX-688726-0043,CAPITAL_INCREASE_ENTRY,ISSUER_LEVEL,DIRECT,2022-12,MONTH,EVD-688726-0018,WEEK11_PROSPECTUS_IDENTIFIED,CONFIRMED,WEEK8_SCHEMA_V1.0_DIRECT_REUSE_WITH_OBSERVATION_WINDOW_NOTE,FINAL_APPROVED
PATH-688726-0055,PATH-688726-0055-E01,1,688726,STD-688726-073,STD-688726-ISSUER,CAPITAL_INCREASE,CAPITAL_INCREASE,0.0039067610852634,DISCLOSED_COMPLETE,True,STD-688726-073,EVT-688726-0018,TRX-688726-0043,CAPITAL_INCREASE_ENTRY,ISSUER_LEVEL,DIRECT,2022-12,MONTH,EVD-688726-0018,WEEK11_PROSPECTUS_IDENTIFIED,CONFIRMED,WEEK8_SCHEMA_V1.0_DIRECT_REUSE_WITH_OBSERVATION_WINDOW_NOTE,FINAL_APPROVED
PATH-688726-0056,PATH-688726-0056-E01,1,688726,STD-688726-035,STD-688726-ISSUER,CAPITAL_INCREASE,CAPITAL_INCREASE,0.0035811976614914,DISCLOSED_COMPLETE,True,STD-688726-035,EVT-688726-0018,TRX-688726-0043,CAPITAL_INCREASE_ENTRY,ISSUER_LEVEL,DIRECT,2022-12,MONTH,EVD-688726-0018,WEEK11_PROSPECTUS_IDENTIFIED,CONFIRMED,WEEK8_SCHEMA_V1.0_DIRECT_REUSE_WITH_OBSERVATION_WINDOW_NOTE,FINAL_APPROVED
PATH-688726-0057,PATH-688726-0057-E01,1,688726,STD-688726-036,STD-688726-ISSUER,CAPITAL_INCREASE,CAPITAL_INCREASE,0.0029300708139475,DISCLOSED_COMPLETE,True,STD-688726-036,EVT-688726-0018,TRX-688726-0043,CAPITAL_INCREASE_ENTRY,ISSUER_LEVEL,DIRECT,2022-12,MONTH,EVD-688726-0018,WEEK11_PROSPECTUS_IDENTIFIED,CONFIRMED,WEEK8_SCHEMA_V1.0_DIRECT_REUSE_WITH_OBSERVATION_WINDOW_NOTE,FINAL_APPROVED
PATH-688726-0058,PATH-688726-0058-E01,1,688726,STD-688726-044,STD-688726-ISSUER,CAPITAL_INCREASE,CAPITAL_INCREASE,0.0026045073901756,DISCLOSED_COMPLETE,True,STD-688726-044,EVT-688726-0018,TRX-688726-0043,CAPITAL_INCREASE_ENTRY,ISSUER_LEVEL,DIRECT,2022-12,MONTH,EVD-688726-0018,WEEK11_PROSPECTUS_IDENTIFIED,CONFIRMED,WEEK8_SCHEMA_V1.0_DIRECT_REUSE_WITH_OBSERVATION_WINDOW_NOTE,FINAL_APPROVED
PATH-688726-0059,PATH-688726-0059-E01,1,688726,STD-688726-077,STD-688726-ISSUER,CAPITAL_INCREASE,CAPITAL_INCREASE,0.0026045073901756,DISCLOSED_COMPLETE,True,STD-688726-077,EVT-688726-0018,TRX-688726-0043,CAPITAL_INCREASE_ENTRY,ISSUER_LEVEL,DIRECT,2022-12,MONTH,EVD-688726-0018,WEEK11_PROSPECTUS_IDENTIFIED,CONFIRMED,WEEK8_SCHEMA_V1.0_DIRECT_REUSE_WITH_OBSERVATION_WINDOW_NOTE,FINAL_APPROVED
PATH-688726-0060,PATH-688726-0060-E01,1,688726,STD-688726-020,STD-688726-ISSUER,CAPITAL_INCREASE,CAPITAL_INCREASE,0.0019533805426317,DISCLOSED_COMPLETE,True,STD-688726-020,EVT-688726-0018,TRX-688726-0043,CAPITAL_INCREASE_ENTRY,ISSUER_LEVEL,DIRECT,2022-12,MONTH,EVD-688726-0018,WEEK11_PROSPECTUS_IDENTIFIED,CONFIRMED,WEEK8_SCHEMA_V1.0_DIRECT_REUSE_WITH_OBSERVATION_WINDOW_NOTE,FINAL_APPROVED
PATH-688726-0061,PATH-688726-0061-E01,1,688726,STD-688726-053,STD-688726-ISSUER,CAPITAL_INCREASE,CAPITAL_INCREASE,0.0013022536950878,DISCLOSED_COMPLETE,True,STD-688726-053,EVT-688726-0018,TRX-688726-0043,CAPITAL_INCREASE_ENTRY,ISSUER_LEVEL,DIRECT,2022-12,MONTH,EVD-688726-0018,WEEK11_PROSPECTUS_IDENTIFIED,CONFIRMED,WEEK8_SCHEMA_V1.0_DIRECT_REUSE_WITH_OBSERVATION_WINDOW_NOTE,FINAL_APPROVED
PATH-688726-0062,PATH-688726-0062-E01,1,688726,STD-688726-038,STD-688726-ISSUER,CAPITAL_INCREASE,CAPITAL_INCREASE,0.0131405002560763,DISCLOSED_COMPLETE,True,STD-688726-038,EVT-688726-0020,TRX-688726-0044,CAPITAL_INCREASE_ENTRY,ISSUER_LEVEL,DIRECT,2022-12,MONTH,EVD-688726-0020,WEEK11_PROSPECTUS_IDENTIFIED,CONFIRMED,WEEK8_SCHEMA_V1.0_DIRECT_REUSE_WITH_OBSERVATION_WINDOW_NOTE,FINAL_APPROVED
PATH-688726-0063,PATH-688726-0063-E01,1,688726,STD-688726-019,STD-688726-ISSUER,TRANSFER,TRANSFER,0.0162,DISCLOSED_COMPLETE,True,STD-688726-019,EVT-688726-0002,TRX-688726-0003,TRANSFER_ENTRY,ISSUER_LEVEL,DIRECT,2020-10,MONTH,EVD-688726-0002,WEEK11_PROSPECTUS_IDENTIFIED,CONFIRMED,WEEK8_SCHEMA_V1.0_DIRECT_REUSE_WITH_OBSERVATION_WINDOW_NOTE,FINAL_APPROVED
PATH-688726-0064,PATH-688726-0064-E01,1,688726,STD-688726-064,STD-688726-ISSUER,TRANSFER,TRANSFER,0.0213,DISCLOSED_COMPLETE,True,STD-688726-064,EVT-688726-0005,TRX-688726-0010,TRANSFER_ENTRY,ISSUER_LEVEL,DIRECT,2021-06,MONTH,EVD-688726-0005,WEEK11_PROSPECTUS_IDENTIFIED,CONFIRMED,WEEK8_SCHEMA_V1.0_DIRECT_REUSE_WITH_OBSERVATION_WINDOW_NOTE,FINAL_APPROVED
PATH-688726-0065,PATH-688726-0065-E01,1,688726,STD-688726-059,STD-688726-ISSUER,TRANSFER,TRANSFER,0.0127,DISCLOSED_COMPLETE,True,STD-688726-059,EVT-688726-0005,TRX-688726-0011,TRANSFER_ENTRY,ISSUER_LEVEL,DIRECT,2021-06,MONTH,EVD-688726-0005,WEEK11_PROSPECTUS_IDENTIFIED,CONFIRMED,WEEK8_SCHEMA_V1.0_DIRECT_REUSE_WITH_OBSERVATION_WINDOW_NOTE,FINAL_APPROVED
PATH-688726-0066,PATH-688726-0066-E01,1,688726,STD-688726-018,STD-688726-ISSUER,TRANSFER,TRANSFER,0.0094,DISCLOSED_COMPLETE,True,STD-688726-018,EVT-688726-0007,TRX-688726-0013,TRANSFER_ENTRY,ISSUER_LEVEL,DIRECT,2021-10,MONTH,EVD-688726-0007,WEEK11_PROSPECTUS_IDENTIFIED,CONFIRMED,WEEK8_SCHEMA_V1.0_DIRECT_REUSE_WITH_OBSERVATION_WINDOW_NOTE,FINAL_APPROVED
PATH-688726-0067,PATH-688726-0067-E01,1,688726,STD-688726-072,STD-688726-ISSUER,TRANSFER,TRANSFER,0.0038,DISCLOSED_COMPLETE,True,STD-688726-072,EVT-688726-0007,TRX-688726-0014,TRANSFER_ENTRY,ISSUER_LEVEL,DIRECT,2021-10,MONTH,EVD-688726-0007,WEEK11_PROSPECTUS_IDENTIFIED,CONFIRMED,WEEK8_SCHEMA_V1.0_DIRECT_REUSE_WITH_OBSERVATION_WINDOW_NOTE,FINAL_APPROVED
PATH-688726-0068,PATH-688726-0068-E01,1,688726,STD-688726-037,STD-688726-ISSUER,TRANSFER,TRANSFER,0.0028,DISCLOSED_COMPLETE,True,STD-688726-037,EVT-688726-0007,TRX-688726-0015,TRANSFER_ENTRY,ISSUER_LEVEL,DIRECT,2021-10,MONTH,EVD-688726-0007,WEEK11_PROSPECTUS_IDENTIFIED,CONFIRMED,WEEK8_SCHEMA_V1.0_DIRECT_REUSE_WITH_OBSERVATION_WINDOW_NOTE,FINAL_APPROVED
PATH-688726-0069,PATH-688726-0069-E01,1,688726,STD-688726-050,STD-688726-ISSUER,TRANSFER,TRANSFER,0.0052,DISCLOSED_COMPLETE,True,STD-688726-050,EVT-688726-0007,TRX-688726-0016,TRANSFER_ENTRY,ISSUER_LEVEL,DIRECT,2021-10,MONTH,EVD-688726-0007,WEEK11_PROSPECTUS_IDENTIFIED,CONFIRMED,WEEK8_SCHEMA_V1.0_DIRECT_REUSE_WITH_OBSERVATION_WINDOW_NOTE,FINAL_APPROVED
PATH-688726-0070,PATH-688726-0070-E01,1,688726,STD-688726-022,STD-688726-ISSUER,TRANSFER,TRANSFER,0.01,DISCLOSED_COMPLETE,True,STD-688726-022,EVT-688726-0008,TRX-688726-0018,TRANSFER_ENTRY,ISSUER_LEVEL,DIRECT,2021-12,MONTH,EVD-688726-0008,WEEK11_PROSPECTUS_IDENTIFIED,CONFIRMED,WEEK8_SCHEMA_V1.0_DIRECT_REUSE_WITH_OBSERVATION_WINDOW_NOTE,FINAL_APPROVED
PATH-688726-0071,PATH-688726-0071-E01,1,688726,STD-688726-028,STD-688726-ISSUER,TRANSFER,TRANSFER,0.0066,DISCLOSED_COMPLETE,True,STD-688726-028,EVT-688726-0010,TRX-688726-0020,TRANSFER_ENTRY,ISSUER_LEVEL,DIRECT,2022-04,MONTH,EVD-688726-0010,WEEK11_PROSPECTUS_IDENTIFIED,CONFIRMED,WEEK8_SCHEMA_V1.0_DIRECT_REUSE_WITH_OBSERVATION_WINDOW_NOTE,FINAL_APPROVED
PATH-688726-0072,PATH-688726-0072-E01,1,688726,STD-688726-004,STD-688726-ISSUER,TRANSFER,TRANSFER,0.0288,DISCLOSED_COMPLETE,True,STD-688726-004,EVT-688726-0010,TRX-688726-0022,TRANSFER_ENTRY,ISSUER_LEVEL,DIRECT,2022-04,MONTH,EVD-688726-0010,WEEK11_PROSPECTUS_IDENTIFIED,CONFIRMED,WEEK8_SCHEMA_V1.0_DIRECT_REUSE_WITH_OBSERVATION_WINDOW_NOTE,FINAL_APPROVED
PATH-688726-0073,PATH-688726-0073-E01,1,688726,STD-688726-051,STD-688726-ISSUER,TRANSFER,TRANSFER,0.0044,DISCLOSED_COMPLETE,True,STD-688726-051,EVT-688726-0011,TRX-688726-0023,TRANSFER_ENTRY,ISSUER_LEVEL,DIRECT,2022-05,MONTH,EVD-688726-0011,WEEK11_PROSPECTUS_IDENTIFIED,CONFIRMED,WEEK8_SCHEMA_V1.0_DIRECT_REUSE_WITH_OBSERVATION_WINDOW_NOTE,FINAL_APPROVED
PATH-688726-0074,PATH-688726-0074-E01,1,688726,STD-688726-069,STD-688726-ISSUER,TRANSFER,TRANSFER,0.0058,DISCLOSED_COMPLETE,True,STD-688726-069,EVT-688726-0011,TRX-688726-0024,TRANSFER_ENTRY,ISSUER_LEVEL,DIRECT,2022-05,MONTH,EVD-688726-0011,WEEK11_PROSPECTUS_IDENTIFIED,CONFIRMED,WEEK8_SCHEMA_V1.0_DIRECT_REUSE_WITH_OBSERVATION_WINDOW_NOTE,FINAL_APPROVED
PATH-688726-0075,PATH-688726-0075-E01,1,688726,STD-688726-062,STD-688726-ISSUER,TRANSFER,TRANSFER,0.0025,DISCLOSED_COMPLETE,True,STD-688726-062,EVT-688726-0012,TRX-688726-0025,TRANSFER_ENTRY,ISSUER_LEVEL,DIRECT,2022-05,MONTH,EVD-688726-0012,WEEK11_PROSPECTUS_IDENTIFIED,CONFIRMED,WEEK8_SCHEMA_V1.0_DIRECT_REUSE_WITH_OBSERVATION_WINDOW_NOTE,FINAL_APPROVED
PATH-688726-0076,PATH-688726-0076-E01,1,688726,STD-688726-029,STD-688726-ISSUER,TRANSFER,TRANSFER,0.0025,DISCLOSED_COMPLETE,True,STD-688726-029,EVT-688726-0012,TRX-688726-0026,TRANSFER_ENTRY,ISSUER_LEVEL,DIRECT,2022-05,MONTH,EVD-688726-0012,WEEK11_PROSPECTUS_IDENTIFIED,CONFIRMED,WEEK8_SCHEMA_V1.0_DIRECT_REUSE_WITH_OBSERVATION_WINDOW_NOTE,FINAL_APPROVED
PATH-688726-0077,PATH-688726-0077-E01,1,688726,STD-688726-027,STD-688726-ISSUER,TRANSFER,TRANSFER,0.0025,DISCLOSED_COMPLETE,True,STD-688726-027,EVT-688726-0012,TRX-688726-0027,TRANSFER_ENTRY,ISSUER_LEVEL,DIRECT,2022-05,MONTH,EVD-688726-0012,WEEK11_PROSPECTUS_IDENTIFIED,CONFIRMED,WEEK8_SCHEMA_V1.0_DIRECT_REUSE_WITH_OBSERVATION_WINDOW_NOTE,FINAL_APPROVED
PATH-688726-0078,PATH-688726-0078-E01,1,688726,STD-688726-063,STD-688726-ISSUER,TRANSFER,TRANSFER,0.0021,DISCLOSED_COMPLETE,True,STD-688726-063,EVT-688726-0012,TRX-688726-0028,TRANSFER_ENTRY,ISSUER_LEVEL,DIRECT,2022-05,MONTH,EVD-688726-0012,WEEK11_PROSPECTUS_IDENTIFIED,CONFIRMED,WEEK8_SCHEMA_V1.0_DIRECT_REUSE_WITH_OBSERVATION_WINDOW_NOTE,FINAL_APPROVED
PATH-688726-0079,PATH-688726-0079-E01,1,688726,STD-688726-047,STD-688726-ISSUER,TRANSFER,TRANSFER,0.0074,DISCLOSED_COMPLETE,True,STD-688726-047,EVT-688726-0012,TRX-688726-0029,TRANSFER_ENTRY,ISSUER_LEVEL,DIRECT,2022-05,MONTH,EVD-688726-0012,WEEK11_PROSPECTUS_IDENTIFIED,CONFIRMED,WEEK8_SCHEMA_V1.0_DIRECT_REUSE_WITH_OBSERVATION_WINDOW_NOTE,FINAL_APPROVED
PATH-688726-0080,PATH-688726-0080-E01,1,688726,STD-688726-005,STD-688726-ISSUER,TRANSFER,TRANSFER,0.0101,DISCLOSED_COMPLETE,True,STD-688726-005,EVT-688726-0012,TRX-688726-0030,TRANSFER_ENTRY,ISSUER_LEVEL,DIRECT,2022-05,MONTH,EVD-688726-0012,WEEK11_PROSPECTUS_IDENTIFIED,CONFIRMED,WEEK8_SCHEMA_V1.0_DIRECT_REUSE_WITH_OBSERVATION_WINDOW_NOTE,FINAL_APPROVED
PATH-688726-0081,PATH-688726-0081-E01,1,688726,STD-688726-001,STD-688726-ISSUER,TRANSFER,TRANSFER,0.0095,DISCLOSED_COMPLETE,True,STD-688726-001,EVT-688726-0015,TRX-688726-0034,TRANSFER_ENTRY,ISSUER_LEVEL,DIRECT,2022-08,MONTH,EVD-688726-0015,WEEK11_PROSPECTUS_IDENTIFIED,CONFIRMED,WEEK8_SCHEMA_V1.0_DIRECT_REUSE_WITH_OBSERVATION_WINDOW_NOTE,FINAL_APPROVED
PATH-688726-0082,PATH-688726-0082-E01,1,688726,STD-688726-012,STD-688726-ISSUER,TRANSFER,TRANSFER,0.0121,DISCLOSED_COMPLETE,True,STD-688726-012,EVT-688726-0015,TRX-688726-0037,TRANSFER_ENTRY,ISSUER_LEVEL,DIRECT,2022-08,MONTH,EVD-688726-0015,WEEK11_PROSPECTUS_IDENTIFIED,CONFIRMED,WEEK8_SCHEMA_V1.0_DIRECT_REUSE_WITH_OBSERVATION_WINDOW_NOTE,FINAL_APPROVED
PATH-688726-0083,PATH-688726-0083-E01,1,688726,STD-688726-060,STD-688726-ISSUER,TRANSFER,TRANSFER,0.0161,DISCLOSED_COMPLETE,True,STD-688726-060,EVT-688726-0015,TRX-688726-0038,TRANSFER_ENTRY,ISSUER_LEVEL,DIRECT,2022-08,MONTH,EVD-688726-0015,WEEK11_PROSPECTUS_IDENTIFIED,CONFIRMED,WEEK8_SCHEMA_V1.0_DIRECT_REUSE_WITH_OBSERVATION_WINDOW_NOTE,FINAL_APPROVED
PATH-688726-0084,PATH-688726-0084-E01,1,688726,STD-688726-070,STD-688726-ISSUER,TRANSFER,TRANSFER,0.0039,DISCLOSED_COMPLETE,True,STD-688726-070,EVT-688726-0017,TRX-688726-0040,TRANSFER_ENTRY,ISSUER_LEVEL,DIRECT,2022-11,MONTH,EVD-688726-0017,WEEK11_PROSPECTUS_IDENTIFIED,CONFIRMED,WEEK8_SCHEMA_V1.0_DIRECT_REUSE_WITH_OBSERVATION_WINDOW_NOTE,FINAL_APPROVED
PATH-688726-0085,PATH-688726-0085-E01,1,688726,STD-688726-046,STD-688726-ISSUER,TRANSFER,TRANSFER,0.0072,DISCLOSED_COMPLETE,True,STD-688726-046,EVT-688726-0017,TRX-688726-0042,TRANSFER_ENTRY,ISSUER_LEVEL,DIRECT,2022-11,MONTH,EVD-688726-0017,WEEK11_PROSPECTUS_IDENTIFIED,CONFIRMED,WEEK8_SCHEMA_V1.0_DIRECT_REUSE_WITH_OBSERVATION_WINDOW_NOTE,FINAL_APPROVED
