event_id,company_id,source_event_id,event_sequence,event_date_original,event_date_standardized,date_precision,event_type_source,event_type_standardized,in_scope_financing_flag,financing_round_flag,scope_exclusion_reason,scope_basis,registered_capital_before,registered_capital_before_status,registered_capital_after,registered_capital_after_status,financing_amount_10k_cny,financing_amount_original_text,financing_amount_status,amount_source_type,financing_amount_original_currency,financing_amount_original_unit,financing_amount_standard_unit,primary_evidence_id,record_origin,review_status
EVT-001282-0001,1282,EVT-001282-0001,1,2004-06-18,2004-06-18,DAY,LIMITED_COMPANY_ESTABLISHMENT,ESTABLISHMENT,False,False,OUT_OF_SCOPE_EVENT_TYPE:LIMITED_COMPANY_ESTABLISHMENT,WEEK7_UNIFIED_CALIBER_EXCLUSION,,NOT_DISCLOSED,,NOT_DISCLOSED,,,NOT_APPLICABLE,,,,,EVD-001282-0001-01,SOURCE_GOLD,FINAL_APPROVED
EVT-001282-0002,1282,EVT-001282-0002,2,2018-11,2018-11,MONTH,OVERALL_CHANGE,OVERALL_CHANGE,False,False,OUT_OF_SCOPE_EVENT_TYPE:OVERALL_CHANGE,WEEK7_UNIFIED_CALIBER_EXCLUSION,8150.0,DISCLOSED_COMPLETE,8498.0,DISCLOSED_COMPLETE,,,NOT_APPLICABLE,,,,,EVD-001282-0003-01,SOURCE_GOLD,FINAL_APPROVED
EVT-001282-0003,1282,EVT-001282-0003,3,2019-12,2019-12,MONTH,CAPITAL_INCREASE,CAPITAL_INCREASE,True,True,,WEEK7_UNIFIED_CALIBER_ACCEPTED,8150.0,DISCLOSED_COMPLETE,8498.0,DISCLOSED_COMPLETE,1566.0,,DISCLOSED_COMPLETE,CALCULATED,CNY,万元,万元人民币,EVD-001282-0004-01,SOURCE_GOLD,FINAL_APPROVED
EVT-301581-0001,301581,EVT-301581-0001,1,2012-06,2012-06,MONTH,LIMITED_COMPANY_ESTABLISHMENT,ESTABLISHMENT,False,False,OUT_OF_SCOPE_EVENT_TYPE:LIMITED_COMPANY_ESTABLISHMENT,WEEK7_UNIFIED_CALIBER_EXCLUSION,,NOT_DISCLOSED,,NOT_DISCLOSED,,,NOT_APPLICABLE,,,,,EVD-301581-0001-01,SOURCE_GOLD,FINAL_APPROVED
EVT-301581-0002,301581,EVT-301581-0002,2,2021-04,2021-04,MONTH,ABSORPTION_MERGER,OTHER,False,False,OUT_OF_SCOPE_EVENT_TYPE:ABSORPTION_MERGER,WEEK7_UNIFIED_CALIBER_EXCLUSION,,NOT_APPLICABLE,,NOT_APPLICABLE,,,NOT_APPLICABLE,,,,,EVD-301581-0002-01,SOURCE_GOLD,FINAL_APPROVED
EVT-301581-0003,301581,EVT-301581-0003,3,2021-04,2021-04,MONTH,EQUITY_TRANSFER,EQUITY_TRANSFER,False,False,SECONDARY_TRANSFER_ONLY_UNLESS_COMPOUND_WITH_FINANCING,WEEK7_UNIFIED_CALIBER_EXCLUSION,,NOT_APPLICABLE,,NOT_APPLICABLE,,,NOT_APPLICABLE,,,,,EVD-301581-0003-01,SOURCE_GOLD,FINAL_APPROVED
EVT-301581-0004,301581,EVT-301581-0004,4,2021-11,2021-11,MONTH,CAPITAL_INCREASE,CAPITAL_INCREASE,True,True,,WEEK7_UNIFIED_CALIBER_ACCEPTED,,NOT_DISCLOSED,,NOT_DISCLOSED,11530.285394,,DISCLOSED_COMPLETE,CALCULATED,CNY,万元,万元人民币,EVD-301581-0004-01,SOURCE_GOLD,FINAL_APPROVED
EVT-301581-0005,301581,EVT-301581-0005,5,2022-05,2022-05,MONTH,CAPITAL_INCREASE,CAPITAL_INCREASE,True,True,,WEEK7_UNIFIED_CALIBER_ACCEPTED,1714.2857,DISCLOSED_COMPLETE,1804.5113,DISCLOSED_COMPLETE,2124.81288,,DISCLOSED_COMPLETE,CALCULATED,CNY,万元,万元人民币,EVD-301581-0005-01,SOURCE_GOLD,FINAL_APPROVED
EVT-301581-0006,301581,EVT-301581-0006,6,2022-09,2022-09,MONTH,OVERALL_CHANGE,OVERALL_CHANGE,False,False,OUT_OF_SCOPE_EVENT_TYPE:OVERALL_CHANGE,WEEK7_UNIFIED_CALIBER_EXCLUSION,,NOT_DISCLOSED,,NOT_DISCLOSED,,,NOT_APPLICABLE,,,,,EVD-301581-0006-01,SOURCE_GOLD,FINAL_APPROVED
EVT-603418-0001,603418,EVT-603418-0001,1,1992-12-04,1992-12-04,DAY,LIMITED_COMPANY_ESTABLISHMENT,ESTABLISHMENT,False,False,OUT_OF_SCOPE_EVENT_TYPE:LIMITED_COMPANY_ESTABLISHMENT,WEEK7_UNIFIED_CALIBER_EXCLUSION,,NOT_DISCLOSED,,NOT_DISCLOSED,,,NOT_APPLICABLE,,,,,EVD-603418-0001-01,SOURCE_GOLD,FINAL_APPROVED
EVT-603418-0002,603418,EVT-603418-0002,3,2020-09-09,2020-09-09,DAY,OVERALL_CHANGE,OVERALL_CHANGE,False,False,OUT_OF_SCOPE_EVENT_TYPE:OVERALL_CHANGE,WEEK7_UNIFIED_CALIBER_EXCLUSION,,NOT_DISCLOSED,,NOT_DISCLOSED,,,NOT_APPLICABLE,,,,,EVD-603418-0003-01,SOURCE_GOLD,FINAL_APPROVED
EVT-603418-0003,603418,EVT-603418-0003,2,2020-09,2020-09,MONTH,CAPITAL_INCREASE,CAPITAL_INCREASE,True,True,,WEEK7_UNIFIED_CALIBER_ACCEPTED,,NOT_DISCLOSED,,NOT_DISCLOSED,11500.0,,DISCLOSED_COMPLETE,CALCULATED,CNY,万元,万元人民币,EVD-603418-0004-01,SOURCE_GOLD,FINAL_APPROVED
EVT-603418-0004,603418,EVT-603418-0004,4,2022-12,2022-12,MONTH,CAPITAL_INCREASE,CAPITAL_INCREASE,True,True,,WEEK7_UNIFIED_CALIBER_ACCEPTED,,NOT_DISCLOSED,,NOT_DISCLOSED,37000.0,,DISCLOSED_COMPLETE,DISCLOSED,CNY,万元,万元人民币,EVD-603418-0005-01,SOURCE_GOLD,FINAL_APPROVED
EVT-603418-0005,603418,EVT-603418-0005,5,,,UNKNOWN,EQUITY_HOLDING_PROXY,OTHER,False,False,OUT_OF_SCOPE_EVENT_TYPE:EQUITY_HOLDING_PROXY,WEEK7_UNIFIED_CALIBER_EXCLUSION,,NOT_APPLICABLE,,NOT_APPLICABLE,,,NOT_APPLICABLE,,,,,EVD-603418-0006-01,SOURCE_GOLD,FINAL_APPROVED
EVT-688758-0001,688758,EVT-688758-0001,1,2009-01-23,2009-01-23,DAY,LIMITED_COMPANY_ESTABLISHMENT,ESTABLISHMENT,False,False,OUT_OF_SCOPE_EVENT_TYPE:LIMITED_COMPANY_ESTABLISHMENT,WEEK7_UNIFIED_CALIBER_EXCLUSION,,NOT_DISCLOSED,,NOT_DISCLOSED,,,NOT_APPLICABLE,,,,,EVD-688758-0001-01,SOURCE_GOLD,FINAL_APPROVED
EVT-688758-0002,688758,EVT-688758-0002,4,2021-09-16,2021-09-16,DAY,OVERALL_CHANGE,OVERALL_CHANGE,False,False,OUT_OF_SCOPE_EVENT_TYPE:OVERALL_CHANGE,WEEK7_UNIFIED_CALIBER_EXCLUSION,,NOT_DISCLOSED,,NOT_DISCLOSED,,,NOT_APPLICABLE,,,,,EVD-688758-0002-01,SOURCE_GOLD,FINAL_APPROVED
EVT-688758-0003,688758,EVT-688758-0003,2,2021-04,2021-04,MONTH,EQUITY_TRANSFER,COMPOUND,True,True,,WEEK7_UNIFIED_CALIBER_ACCEPTED,,NOT_DISCLOSED,,NOT_DISCLOSED,18500.0,,DISCLOSED_COMPLETE,DISCLOSED,CNY,万元,万元人民币,EVD-688758-0003-01,SOURCE_GOLD,FINAL_APPROVED
EVT-688758-0004,688758,EVT-688758-0004,3,2021-08,2021-08,MONTH,EQUITY_TRANSFER,EQUITY_TRANSFER,False,False,SECONDARY_TRANSFER_ONLY_UNLESS_COMPOUND_WITH_FINANCING,WEEK7_UNIFIED_CALIBER_EXCLUSION,,NOT_APPLICABLE,,NOT_APPLICABLE,,,NOT_APPLICABLE,,,,,EVD-688758-0004-01,SOURCE_GOLD,FINAL_APPROVED
EVT-688758-0005,688758,EVT-688758-0005,5,2021-11,2021-11,MONTH,CAPITAL_INCREASE,CAPITAL_INCREASE,True,True,,WEEK7_UNIFIED_CALIBER_ACCEPTED,,NOT_DISCLOSED,,NOT_DISCLOSED,54000.0,,DISCLOSED_COMPLETE,DISCLOSED,CNY,万元,万元人民币,EVD-688758-0005-01,SOURCE_GOLD,FINAL_APPROVED
EVT-688758-0006,688758,EVT-688758-0006,6,2021-12,2021-12,MONTH,CAPITAL_INCREASE,CAPITAL_INCREASE,True,True,,WEEK7_UNIFIED_CALIBER_ACCEPTED,,NOT_DISCLOSED,,NOT_DISCLOSED,1500.0,,DISCLOSED_COMPLETE,DISCLOSED,CNY,万元,万元人民币,EVD-688758-0006-01,SOURCE_GOLD,FINAL_APPROVED
EVT-688758-0007,688758,EVT-688758-0007,7,2021-12,2021-12,MONTH,SHARE_CAPITAL_CHANGE,SHARE_CAPITAL_CHANGE,False,False,OUT_OF_SCOPE_EVENT_TYPE:SHARE_CAPITAL_CHANGE,WEEK7_UNIFIED_CALIBER_EXCLUSION,,NOT_DISCLOSED,,NOT_DISCLOSED,,,NOT_APPLICABLE,,,,,EVD-688758-0007-01,SOURCE_GOLD,FINAL_APPROVED
EVT-688775-0001,688775,EVT-688775-0001,1,2015-07-09,2015-07-09,DAY,LIMITED_COMPANY_ESTABLISHMENT,ESTABLISHMENT,False,False,OUT_OF_SCOPE_EVENT_TYPE:LIMITED_COMPANY_ESTABLISHMENT,WEEK7_UNIFIED_CALIBER_EXCLUSION,,NOT_DISCLOSED,,NOT_DISCLOSED,,,NOT_APPLICABLE,,,,,EVD-688775-0001-01,SOURCE_GOLD,FINAL_APPROVED
EVT-688775-0002,688775,EVT-688775-0002,2,2020-02-26,2020-02-26,DAY,OVERALL_CHANGE,OVERALL_CHANGE,False,False,OUT_OF_SCOPE_EVENT_TYPE:OVERALL_CHANGE,WEEK7_UNIFIED_CALIBER_EXCLUSION,,NOT_DISCLOSED,,NOT_DISCLOSED,,,NOT_APPLICABLE,,,,,EVD-688775-0002-01,SOURCE_GOLD,FINAL_APPROVED
EVT-688775-0003,688775,EVT-688775-0003,3,2023-03,2023-03,MONTH,EQUITY_TRANSFER,EQUITY_TRANSFER,False,False,SECONDARY_TRANSFER_ONLY_UNLESS_COMPOUND_WITH_FINANCING,WEEK7_UNIFIED_CALIBER_EXCLUSION,,NOT_APPLICABLE,,NOT_APPLICABLE,,,NOT_APPLICABLE,,,,,EVD-688775-0003-01,SOURCE_GOLD,FINAL_APPROVED
EVT-920100-0001,920100,EVT-920100-0001,1,2021-03,2021-03,MONTH,EQUITY_HOLDING_PROXY_RELEASE,OTHER,False,False,OUT_OF_SCOPE_EVENT_TYPE:EQUITY_HOLDING_PROXY_RELEASE,WEEK7_UNIFIED_CALIBER_EXCLUSION,,NOT_APPLICABLE,,NOT_APPLICABLE,,,NOT_APPLICABLE,,,,,EVD-920100-0001-01,SOURCE_GOLD,FINAL_APPROVED
EVT-920116-0001,920116,EVT-920116-0001,1,2023-05-16,2023-05-16,DAY,LISTING_OR_DIRECTIONAL_FINANCING,DIRECTIONAL_ISSUANCE,True,True,,WEEK7_UNIFIED_CALIBER_ACCEPTED,,NOT_DISCLOSED,,NOT_DISCLOSED,4725.0,,DISCLOSED_COMPLETE,DISCLOSED,CNY,万元,万元人民币,EVD-920116-0001-01,SOURCE_GOLD,FINAL_APPROVED
CE-001,301563,CE-001,1,2008年5月,2008-05,MONTH,公司设立,ESTABLISHMENT,False,False,NOT_ISSUER_FINANCING_UNDER_WEEK7_CALIBER,WEEK7_UNIFIED_CALIBER_ACCEPTED; YUNHAN_STAGE5_6_ACCEPTED_GROUPING,,NOT_DISCLOSED,,NOT_DISCLOSED,,,NOT_APPLICABLE,,,,,CE-001-E01,RECOVERED_PROJECT_ARTIFACT,FINAL_APPROVED
CE-002,301563,CE-002,2,2009年12月,2009-12,MONTH,股权转让｜增资,COMPOUND,False,False,PARENT_COMPOSITE_EVENT_SPLIT_TO_CHILDREN,WEEK7_UNIFIED_CALIBER_ACCEPTED; YUNHAN_STAGE5_6_ACCEPTED_GROUPING,,NOT_DISCLOSED,,NOT_DISCLOSED,,,NOT_APPLICABLE,,,,,CE-002-E01,RECOVERED_PROJECT_ARTIFACT,FINAL_APPROVED
CE-003,301563,CE-003,5,2014年6月,2014-06,MONTH,股权转让,EQUITY_TRANSFER,False,False,NOT_ISSUER_FINANCING_UNDER_WEEK7_CALIBER,WEEK7_UNIFIED_CALIBER_ACCEPTED; YUNHAN_STAGE5_6_ACCEPTED_GROUPING,,NOT_APPLICABLE,,NOT_APPLICABLE,,,NOT_APPLICABLE,,,,,CE-003-E01,RECOVERED_PROJECT_ARTIFACT,FINAL_APPROVED
CE-004,301563,CE-004,6,2014年8月,2014-08,MONTH,增资,CAPITAL_INCREASE,True,True,,WEEK7_UNIFIED_CALIBER_ACCEPTED; YUNHAN_STAGE5_6_ACCEPTED_GROUPING,,NOT_DISCLOSED,128.205,DISCLOSED_COMPLETE,,,NOT_DISCLOSED,,,,万元人民币,CE-004-E01,RECOVERED_PROJECT_ARTIFACT,FINAL_APPROVED
CE-005,301563,CE-005,7,2015年1月,2015-01,MONTH,增资,CAPITAL_INCREASE,True,True,,WEEK7_UNIFIED_CALIBER_ACCEPTED; YUNHAN_STAGE5_6_ACCEPTED_GROUPING,,NOT_DISCLOSED,136.9864,DISCLOSED_COMPLETE,,,NOT_DISCLOSED,,,,万元人民币,CE-005-E01,RECOVERED_PROJECT_ARTIFACT,FINAL_APPROVED
CE-006,301563,CE-006,8,2015年3月,2015-03,MONTH,资本公积转增注册资本,SHARE_CAPITAL_CHANGE,False,False,NOT_ISSUER_FINANCING_UNDER_WEEK7_CALIBER,WEEK7_UNIFIED_CALIBER_ACCEPTED; YUNHAN_STAGE5_6_ACCEPTED_GROUPING,,NOT_DISCLOSED,2000.0,DISCLOSED_COMPLETE,,,NOT_APPLICABLE,,,,,CE-006-E01,RECOVERED_PROJECT_ARTIFACT,FINAL_APPROVED
CE-007,301563,CE-007,9,2015年8月,2015-08,MONTH,增资,CAPITAL_INCREASE,True,True,,WEEK7_UNIFIED_CALIBER_ACCEPTED; YUNHAN_STAGE5_6_ACCEPTED_GROUPING,,NOT_DISCLOSED,2158.2733,DISCLOSED_COMPLETE,,,NOT_DISCLOSED,,,,万元人民币,CE-007-E01,RECOVERED_PROJECT_ARTIFACT,FINAL_APPROVED
CE-008,301563,CE-008,10,2015年12月,2015-12,MONTH,整体变更,OVERALL_CHANGE,False,False,NOT_ISSUER_FINANCING_UNDER_WEEK7_CALIBER,WEEK7_UNIFIED_CALIBER_ACCEPTED; YUNHAN_STAGE5_6_ACCEPTED_GROUPING,,NOT_DISCLOSED,,NOT_DISCLOSED,,,NOT_APPLICABLE,,,,,CE-008-E01,RECOVERED_PROJECT_ARTIFACT,FINAL_APPROVED
CE-009,301563,CE-009,11,2018年4月,2018-04,MONTH,股权转让,EQUITY_TRANSFER,False,False,NOT_ISSUER_FINANCING_UNDER_WEEK7_CALIBER,WEEK7_UNIFIED_CALIBER_ACCEPTED; YUNHAN_STAGE5_6_ACCEPTED_GROUPING,,NOT_APPLICABLE,,NOT_APPLICABLE,,,NOT_APPLICABLE,,,,,CE-009-E01,RECOVERED_PROJECT_ARTIFACT,FINAL_APPROVED
CE-010,301563,CE-010,19,2018年6月至7月,,UNKNOWN,增资｜股权激励增资｜股权转让,COMPOUND,False,False,PARENT_COMPOSITE_EVENT_SPLIT_TO_CHILDREN,WEEK7_UNIFIED_CALIBER_ACCEPTED; YUNHAN_STAGE5_6_ACCEPTED_GROUPING,,NOT_DISCLOSED,,NOT_DISCLOSED,,,NOT_APPLICABLE,,,,,CE-010-E01,RECOVERED_PROJECT_ARTIFACT,FINAL_APPROVED
CE-011,301563,CE-011,14,2019年8月,2019-08,MONTH,股权转让｜关联退伙安排,EQUITY_TRANSFER,False,False,NOT_ISSUER_FINANCING_UNDER_WEEK7_CALIBER,WEEK7_UNIFIED_CALIBER_ACCEPTED; YUNHAN_STAGE5_6_ACCEPTED_GROUPING,,NOT_APPLICABLE,,NOT_APPLICABLE,,,NOT_APPLICABLE,,,,,CE-011-E01,RECOVERED_PROJECT_ARTIFACT,FINAL_APPROVED
CE-012,301563,CE-012,15,2020年5月,2020-05,MONTH,增资,CAPITAL_INCREASE,True,True,,WEEK7_UNIFIED_CALIBER_ACCEPTED; YUNHAN_STAGE5_6_ACCEPTED_GROUPING,4635.0,DISCLOSED_COMPLETE,4748.0488,DISCLOSED_COMPLETE,5000.0,,DISCLOSED_COMPLETE,DISCLOSED,CNY,万元,万元人民币,CE-012-E01,RECOVERED_PROJECT_ARTIFACT,FINAL_APPROVED
CE-013,301563,CE-013,16,2020年9月,2020-09,MONTH,增资｜股权转让,COMPOUND,False,False,PARENT_COMPOSITE_EVENT_SPLIT_TO_CHILDREN,WEEK7_UNIFIED_CALIBER_ACCEPTED; YUNHAN_STAGE5_6_ACCEPTED_GROUPING,,NOT_DISCLOSED,,NOT_DISCLOSED,,,NOT_APPLICABLE,,,,,CE-013-E01,RECOVERED_PROJECT_ARTIFACT,FINAL_APPROVED
CE-014,301563,CE-014,21,2021年9月、2023年8月,,UNKNOWN,特殊权利履行｜终止｜确认,OTHER,False,False,NOT_ISSUER_FINANCING_UNDER_WEEK7_CALIBER,WEEK7_UNIFIED_CALIBER_ACCEPTED; YUNHAN_STAGE5_6_ACCEPTED_GROUPING,,NOT_APPLICABLE,,NOT_APPLICABLE,,,NOT_APPLICABLE,,,,,CE-014-E01,RECOVERED_PROJECT_ARTIFACT,FINAL_APPROVED
CE-014-A,301563,CE-014-A,22,2018年6月替代；2021年9月终止,,UNKNOWN,特殊权利履行｜终止,OTHER,False,False,NOT_ISSUER_FINANCING_UNDER_WEEK7_CALIBER,WEEK7_UNIFIED_CALIBER_ACCEPTED; YUNHAN_STAGE5_6_ACCEPTED_GROUPING,,NOT_APPLICABLE,,NOT_APPLICABLE,,,NOT_APPLICABLE,,,,,CE-014-A-E01,RECOVERED_PROJECT_ARTIFACT,FINAL_APPROVED
CE-014-B,301563,CE-014-B,23,2018年6月替代；2021年9月终止,,UNKNOWN,特殊权利履行｜失效｜终止,OTHER,False,False,NOT_ISSUER_FINANCING_UNDER_WEEK7_CALIBER,WEEK7_UNIFIED_CALIBER_ACCEPTED; YUNHAN_STAGE5_6_ACCEPTED_GROUPING,,NOT_APPLICABLE,,NOT_APPLICABLE,,,NOT_APPLICABLE,,,,,CE-014-B-E01,RECOVERED_PROJECT_ARTIFACT,FINAL_APPROVED
CE-014-C,301563,CE-014-C,24,2018年6月、2021年9月,,UNKNOWN,特殊权利履行｜终止,OTHER,False,False,NOT_ISSUER_FINANCING_UNDER_WEEK7_CALIBER,WEEK7_UNIFIED_CALIBER_ACCEPTED; YUNHAN_STAGE5_6_ACCEPTED_GROUPING,,NOT_APPLICABLE,,NOT_APPLICABLE,,,NOT_APPLICABLE,,,,,CE-014-C-E01,RECOVERED_PROJECT_ARTIFACT,FINAL_APPROVED
CE-014-D,301563,CE-014-D,25,2020年5月、2021年9月,,UNKNOWN,特殊权利终止,OTHER,False,False,NOT_ISSUER_FINANCING_UNDER_WEEK7_CALIBER,WEEK7_UNIFIED_CALIBER_ACCEPTED; YUNHAN_STAGE5_6_ACCEPTED_GROUPING,,NOT_APPLICABLE,,NOT_APPLICABLE,,,NOT_APPLICABLE,,,,,CE-014-D-E01,RECOVERED_PROJECT_ARTIFACT,FINAL_APPROVED
CE-014-DPLUS,301563,CE-014-DPLUS,26,2020年9月、2021年9月,,UNKNOWN,特殊权利终止,OTHER,False,False,NOT_ISSUER_FINANCING_UNDER_WEEK7_CALIBER,WEEK7_UNIFIED_CALIBER_ACCEPTED; YUNHAN_STAGE5_6_ACCEPTED_GROUPING,,NOT_APPLICABLE,,NOT_APPLICABLE,,,NOT_APPLICABLE,,,,,CE-014-DPLUS-E01,RECOVERED_PROJECT_ARTIFACT,FINAL_APPROVED
CE-002-01,301563,CE-002-01,3,2009年12月,2009-12,MONTH,股权转让,EQUITY_TRANSFER,False,False,NOT_ISSUER_FINANCING_UNDER_WEEK7_CALIBER,WEEK7_UNIFIED_CALIBER_ACCEPTED; YUNHAN_STAGE5_6_ACCEPTED_GROUPING,,NOT_APPLICABLE,,NOT_APPLICABLE,,,NOT_APPLICABLE,,,,,CE-002-E01,RECOVERED_PROJECT_ARTIFACT,FINAL_APPROVED
CE-002-02,301563,CE-002-02,4,2009年12月,2009-12,MONTH,增资,CAPITAL_INCREASE,True,True,,WEEK7_UNIFIED_CALIBER_ACCEPTED; YUNHAN_STAGE5_6_ACCEPTED_GROUPING,,NOT_DISCLOSED,100.0,DISCLOSED_COMPLETE,,,NOT_DISCLOSED,,,,万元人民币,CE-002-E01,RECOVERED_PROJECT_ARTIFACT,FINAL_APPROVED
CE-010-01,301563,CE-010-01,20,2018年6月至7月,,UNKNOWN,增资,CAPITAL_INCREASE,True,True,,WEEK7_UNIFIED_CALIBER_ACCEPTED; YUNHAN_STAGE5_6_ACCEPTED_GROUPING,4000.0,DISCLOSED_COMPLETE,,NOT_DISCLOSED,15000.0,,DISCLOSED_COMPLETE,CALCULATED,OTHER,万元,万元人民币,CE-010-E01,RECOVERED_PROJECT_ARTIFACT,FINAL_APPROVED
CE-010-02,301563,CE-010-02,12,2018年6月,2018-06,MONTH,股权激励增资,CAPITAL_INCREASE,True,False,,WEEK7_UNIFIED_CALIBER_ACCEPTED; YUNHAN_STAGE5_6_ACCEPTED_GROUPING,,NOT_DISCLOSED,,NOT_DISCLOSED,120.0,,DISCLOSED_COMPLETE,CALCULATED,CNY,万元,万元人民币,CE-010-E01,RECOVERED_PROJECT_ARTIFACT,FINAL_APPROVED
CE-010-03,301563,CE-010-03,13,2018年6月,2018-06,MONTH,股权转让,EQUITY_TRANSFER,False,False,NOT_ISSUER_FINANCING_UNDER_WEEK7_CALIBER,WEEK7_UNIFIED_CALIBER_ACCEPTED; YUNHAN_STAGE5_6_ACCEPTED_GROUPING,,NOT_APPLICABLE,,NOT_APPLICABLE,,,NOT_APPLICABLE,,,,,CE-010-E01,RECOVERED_PROJECT_ARTIFACT,FINAL_APPROVED
CE-013-01,301563,CE-013-01,17,2020年9月,2020-09,MONTH,增资,CAPITAL_INCREASE,True,True,,WEEK7_UNIFIED_CALIBER_ACCEPTED; YUNHAN_STAGE5_6_ACCEPTED_GROUPING,4748.0488,DISCLOSED_COMPLETE,4883.7074,DISCLOSED_COMPLETE,7000.0,,DISCLOSED_COMPLETE,CALCULATED,CNY,万元,万元人民币,CE-013-E01,RECOVERED_PROJECT_ARTIFACT,FINAL_APPROVED
CE-013-02,301563,CE-013-02,18,2020年9月,2020-09,MONTH,股权转让,EQUITY_TRANSFER,False,False,NOT_ISSUER_FINANCING_UNDER_WEEK7_CALIBER,WEEK7_UNIFIED_CALIBER_ACCEPTED; YUNHAN_STAGE5_6_ACCEPTED_GROUPING,,NOT_APPLICABLE,,NOT_APPLICABLE,,,NOT_APPLICABLE,,,,,CE-013-E01,RECOVERED_PROJECT_ARTIFACT,FINAL_APPROVED
W7-OVR-920100-2022-DI,920100,,2,2022-09-01,2022-09-01,DAY,WEEK7_ACCEPTED_DIRECTIONAL_ISSUANCE,DIRECTIONAL_ISSUANCE,True,True,,WEEK7_TARGETED_MANUAL_REVIEW_ACCEPTED,,NOT_DISCLOSED,,NOT_DISCLOSED,2374.4,,DISCLOSED_COMPLETE,DISCLOSED,CNY,万元,万元人民币,,WEEK7_ACCEPTED_OVERRIDE,FINAL_APPROVED
W7-OVR-920100-2023-DI,920100,,3,2023-10-23,2023-10-23,DAY,WEEK7_ACCEPTED_DIRECTIONAL_ISSUANCE,DIRECTIONAL_ISSUANCE,True,True,,WEEK7_TARGETED_MANUAL_REVIEW_ACCEPTED,,NOT_DISCLOSED,,NOT_DISCLOSED,1723.09,,DISCLOSED_COMPLETE,DISCLOSED,CNY,万元,万元人民币,,WEEK7_ACCEPTED_OVERRIDE,FINAL_APPROVED
EVT-301606-0001,301606,EVT-301606-0001,1,2012-03,2012-03,MONTH,ESTABLISHMENT,ESTABLISHMENT,False,False,OUT_OF_SCOPE_EVENT_TYPE:ESTABLISHMENT,WEEK7_WEEK8_UNIFIED_CALIBER_EXTENSION_TEST,,NOT_APPLICABLE,100.0,DISCLOSED_COMPLETE,,,NOT_APPLICABLE,,,,,EVD-301606-0001,STANDARDIZED_RECORD,FINAL_APPROVED
EVT-301606-0002,301606,EVT-301606-0002,2,2017-10,2017-10,MONTH,CAPITAL_INCREASE,CAPITAL_INCREASE,True,True,,WEEK7_WEEK8_UNIFIED_CALIBER_EXTENSION_TEST,100.0,DISCLOSED_COMPLETE,1000.0,DISCLOSED_COMPLETE,900.0,900.000000万元,DISCLOSED_COMPLETE,CALCULATED,CNY,万元,万元人民币,EVD-301606-0002,STANDARDIZED_RECORD,FINAL_APPROVED
EVT-301606-0003,301606,EVT-301606-0003,3,2018-12,2018-12,MONTH,CAPITAL_INCREASE,CAPITAL_INCREASE,True,True,,WEEK7_WEEK8_UNIFIED_CALIBER_EXTENSION_TEST,1000.0,DISCLOSED_COMPLETE,1270.569999,DISCLOSED_COMPLETE,270.569999,270.569999万元,DISCLOSED_COMPLETE,CALCULATED,CNY,万元,万元人民币,EVD-301606-0003,STANDARDIZED_RECORD,FINAL_APPROVED
EVT-301606-0004,301606,EVT-301606-0004,4,2020-07,2020-07,MONTH,CAPITAL_INCREASE,CAPITAL_INCREASE,True,True,,WEEK7_WEEK8_UNIFIED_CALIBER_EXTENSION_TEST,1270.569999,DISCLOSED_COMPLETE,1337.442104,DISCLOSED_COMPLETE,1000.0,"1,000.000000万元",DISCLOSED_COMPLETE,DISCLOSED,CNY,万元,万元人民币,EVD-301606-0004,STANDARDIZED_RECORD,FINAL_APPROVED
EVT-301606-0005,301606,EVT-301606-0005,5,2021-05,2021-05,MONTH,EQUITY_TRANSFER,EQUITY_TRANSFER,False,False,OUT_OF_SCOPE_EVENT_TYPE:EQUITY_TRANSFER,WEEK7_WEEK8_UNIFIED_CALIBER_EXTENSION_TEST,1337.442104,DISCLOSED_COMPLETE,1337.442104,DISCLOSED_COMPLETE,,,NOT_APPLICABLE,,,,,EVD-301606-0005,STANDARDIZED_RECORD,FINAL_APPROVED
EVT-301606-0006,301606,EVT-301606-0006,6,2021-06,2021-06,MONTH,OVERALL_CHANGE,OVERALL_CHANGE,False,False,OUT_OF_SCOPE_EVENT_TYPE:OVERALL_CHANGE,WEEK7_WEEK8_UNIFIED_CALIBER_EXTENSION_TEST,1337.442104,DISCLOSED_COMPLETE,25000.0,DISCLOSED_COMPLETE,,,NOT_APPLICABLE,,,,,EVD-301606-0006,STANDARDIZED_RECORD,FINAL_APPROVED
EVT-301606-0007,301606,EVT-301606-0007,7,2021-06,2021-06,MONTH,DIRECTIONAL_ISSUANCE_EMPLOYEE,DIRECTIONAL_ISSUANCE,True,True,,WEEK7_WEEK8_UNIFIED_CALIBER_EXTENSION_TEST,25000.0,DISCLOSED_COMPLETE,25338.5226,DISCLOSED_COMPLETE,668.0,668.000000万元,DISCLOSED_COMPLETE,DISCLOSED,CNY,万元,万元人民币,EVD-301606-0007,STANDARDIZED_RECORD,FINAL_APPROVED
EVT-301606-0008,301606,EVT-301606-0008,8,2021-06,2021-06,MONTH,DIRECTIONAL_ISSUANCE_INSTITUTIONAL,DIRECTIONAL_ISSUANCE,True,True,,WEEK7_WEEK8_UNIFIED_CALIBER_EXTENSION_TEST,25338.5226,DISCLOSED_COMPLETE,26672.129,DISCLOSED_COMPLETE,30000.0,"30,000.000000万元",DISCLOSED_COMPLETE,DISCLOSED,CNY,万元,万元人民币,EVD-301606-0008,STANDARDIZED_RECORD,FINAL_APPROVED
EVT-301606-0009,301606,EVT-301606-0009,9,2021-07,2021-07,MONTH,CAPITAL_RESERVE_TRANSFER,SHARE_CAPITAL_CHANGE,False,False,OUT_OF_SCOPE_EVENT_TYPE:SHARE_CAPITAL_CHANGE,WEEK7_WEEK8_UNIFIED_CALIBER_EXTENSION_TEST,26672.129,DISCLOSED_COMPLETE,37340.9806,DISCLOSED_COMPLETE,,,NOT_APPLICABLE,,,,,EVD-301606-0009,STANDARDIZED_RECORD,FINAL_APPROVED
EVT-688726-EST,688726,EVT-688726-EST,1,2016-05,2016-05,MONTH,ESTABLISHMENT,ESTABLISHMENT,False,False,OUT_OF_SCOPE_EVENT_TYPE:ESTABLISHMENT,WEEK7_WEEK8_UNIFIED_CALIBER_EXTENSION_BOUNDARY_TEST,,NOT_APPLICABLE,500.0,DISCLOSED_COMPLETE,,,NOT_APPLICABLE,,,,,EVD-688726-0000,STANDARDIZED_RECORD,FINAL_APPROVED
EVT-688726-0001,688726,EVT-688726-0001,2,2020-04,2020-04,MONTH,CAPITAL_INCREASE,CAPITAL_INCREASE,True,True,,WEEK7_WEEK8_UNIFIED_CALIBER_EXTENSION_BOUNDARY_TEST,528.7089,DISCLOSED_COMPLETE,813.3983,DISCLOSED_COMPLETE,5000.0,"5,000.0000万元",DISCLOSED_COMPLETE,DISCLOSED,CNY,万元,万元人民币,EVD-688726-0001,STANDARDIZED_RECORD,FINAL_APPROVED
EVT-688726-0002,688726,EVT-688726-0002,3,2020-10,2020-10,MONTH,EQUITY_TRANSFER,EQUITY_TRANSFER,False,False,OUT_OF_SCOPE_EVENT_TYPE:EQUITY_TRANSFER,WEEK7_WEEK8_UNIFIED_CALIBER_EXTENSION_BOUNDARY_TEST,,NOT_APPLICABLE,,NOT_APPLICABLE,,,NOT_APPLICABLE,,,,,EVD-688726-0002,STANDARDIZED_RECORD,FINAL_APPROVED
EVT-688726-0003,688726,EVT-688726-0003,4,2020-11,2020-11,MONTH,CAPITAL_INCREASE,CAPITAL_INCREASE,True,True,,WEEK7_WEEK8_UNIFIED_CALIBER_EXTENSION_BOUNDARY_TEST,813.3983,DISCLOSED_COMPLETE,992.3462,DISCLOSED_COMPLETE,5500.0,"5,500.0000万元",DISCLOSED_COMPLETE,CALCULATED,CNY,万元,万元人民币,EVD-688726-0003,STANDARDIZED_RECORD,FINAL_APPROVED
EVT-688726-0004,688726,EVT-688726-0004,5,2020-12,2020-12,MONTH,CAPITAL_INCREASE,CAPITAL_INCREASE,True,True,,WEEK7_WEEK8_UNIFIED_CALIBER_EXTENSION_BOUNDARY_TEST,992.3462,DISCLOSED_COMPLETE,1102.6069,DISCLOSED_COMPLETE,1355.1046,"1,355.1046万元",DISCLOSED_COMPLETE,CALCULATED,CNY,万元,万元人民币,EVD-688726-0004,STANDARDIZED_RECORD,FINAL_APPROVED
EVT-688726-0005,688726,EVT-688726-0005,6,2021-06,2021-06,MONTH,EQUITY_TRANSFER,EQUITY_TRANSFER,False,False,OUT_OF_SCOPE_EVENT_TYPE:EQUITY_TRANSFER,WEEK7_WEEK8_UNIFIED_CALIBER_EXTENSION_BOUNDARY_TEST,,NOT_APPLICABLE,,NOT_APPLICABLE,,,NOT_APPLICABLE,,,,,EVD-688726-0005,STANDARDIZED_RECORD,FINAL_APPROVED
EVT-688726-0006,688726,EVT-688726-0006,7,2021-09,2021-09,MONTH,CAPITAL_INCREASE,CAPITAL_INCREASE,True,True,,WEEK7_WEEK8_UNIFIED_CALIBER_EXTENSION_BOUNDARY_TEST,1102.6069,DISCLOSED_COMPLETE,1304.7517,DISCLOSED_COMPLETE,33000.0,"33,000.0000万元",DISCLOSED_COMPLETE,CALCULATED,CNY,万元,万元人民币,EVD-688726-0006,STANDARDIZED_RECORD,FINAL_APPROVED
EVT-688726-0007,688726,EVT-688726-0007,8,2021-10,2021-10,MONTH,EQUITY_TRANSFER,EQUITY_TRANSFER,False,False,OUT_OF_SCOPE_EVENT_TYPE:EQUITY_TRANSFER,WEEK7_WEEK8_UNIFIED_CALIBER_EXTENSION_BOUNDARY_TEST,,NOT_APPLICABLE,,NOT_APPLICABLE,,,NOT_APPLICABLE,,,,,EVD-688726-0007,STANDARDIZED_RECORD,FINAL_APPROVED
EVT-688726-0008,688726,EVT-688726-0008,9,2021-12,2021-12,MONTH,EQUITY_TRANSFER,EQUITY_TRANSFER,False,False,OUT_OF_SCOPE_EVENT_TYPE:EQUITY_TRANSFER,WEEK7_WEEK8_UNIFIED_CALIBER_EXTENSION_BOUNDARY_TEST,,NOT_APPLICABLE,,NOT_APPLICABLE,,,NOT_APPLICABLE,,,,,EVD-688726-0008,STANDARDIZED_RECORD,FINAL_APPROVED
EVT-688726-0009,688726,EVT-688726-0009,10,2021-12,2021-12,MONTH,CAPITAL_INCREASE,CAPITAL_INCREASE,True,True,,WEEK7_WEEK8_UNIFIED_CALIBER_EXTENSION_BOUNDARY_TEST,1304.7517,DISCLOSED_COMPLETE,1384.3845,DISCLOSED_COMPLETE,13000.0,"13,000.0000万元",DISCLOSED_COMPLETE,CALCULATED,CNY,万元,万元人民币,EVD-688726-0009,STANDARDIZED_RECORD,FINAL_APPROVED
EVT-688726-0010,688726,EVT-688726-0010,11,2022-04,2022-04,MONTH,EQUITY_TRANSFER,EQUITY_TRANSFER,False,False,OUT_OF_SCOPE_EVENT_TYPE:EQUITY_TRANSFER,WEEK7_WEEK8_UNIFIED_CALIBER_EXTENSION_BOUNDARY_TEST,,NOT_APPLICABLE,,NOT_APPLICABLE,,,NOT_APPLICABLE,,,,,EVD-688726-0010,STANDARDIZED_RECORD,FINAL_APPROVED
EVT-688726-0011,688726,EVT-688726-0011,12,2022-05,2022-05,MONTH,EQUITY_TRANSFER,EQUITY_TRANSFER,False,False,OUT_OF_SCOPE_EVENT_TYPE:EQUITY_TRANSFER,WEEK7_WEEK8_UNIFIED_CALIBER_EXTENSION_BOUNDARY_TEST,,NOT_APPLICABLE,,NOT_APPLICABLE,,,NOT_APPLICABLE,,,,,EVD-688726-0011,STANDARDIZED_RECORD,FINAL_APPROVED
EVT-688726-0012,688726,EVT-688726-0012,13,2022-05,2022-05,MONTH,EQUITY_TRANSFER_AND_CAPITAL_INCREASE,COMPOUND,True,True,,WEEK7_WEEK8_UNIFIED_CALIBER_EXTENSION_BOUNDARY_TEST,1384.3845,DISCLOSED_COMPLETE,1390.5101,DISCLOSED_COMPLETE,1000.0,"1,000.0000万元",DISCLOSED_COMPLETE,DISCLOSED,CNY,万元,万元人民币,EVD-688726-0012,STANDARDIZED_RECORD,FINAL_APPROVED
EVT-688726-0013,688726,EVT-688726-0013,14,2022-07,2022-07,MONTH,CAPITAL_INCREASE,CAPITAL_INCREASE,True,True,,WEEK7_WEEK8_UNIFIED_CALIBER_EXTENSION_BOUNDARY_TEST,1390.5101,DISCLOSED_COMPLETE,1422.7699,DISCLOSED_COMPLETE,11600.0,"11,600.0000万元",DISCLOSED_COMPLETE,CALCULATED,CNY,万元,万元人民币,EVD-688726-0013,STANDARDIZED_RECORD,FINAL_APPROVED
EVT-688726-0014,688726,EVT-688726-0014,15,2022-07,2022-07,MONTH,CAPITAL_INCREASE,CAPITAL_INCREASE,True,True,,WEEK7_WEEK8_UNIFIED_CALIBER_EXTENSION_BOUNDARY_TEST,1422.7699,DISCLOSED_COMPLETE,1466.9882,DISCLOSED_COMPLETE,15900.0,"15,900.0000万元",DISCLOSED_COMPLETE,CALCULATED,CNY,万元,万元人民币,EVD-688726-0014,STANDARDIZED_RECORD,FINAL_APPROVED
EVT-688726-0015,688726,EVT-688726-0015,16,2022-08,2022-08,MONTH,EQUITY_TRANSFER,EQUITY_TRANSFER,False,False,OUT_OF_SCOPE_EVENT_TYPE:EQUITY_TRANSFER,WEEK7_WEEK8_UNIFIED_CALIBER_EXTENSION_BOUNDARY_TEST,,NOT_APPLICABLE,,NOT_APPLICABLE,,,NOT_APPLICABLE,,,,,EVD-688726-0015,STANDARDIZED_RECORD,FINAL_APPROVED
EVT-688726-0016,688726,EVT-688726-0016,17,2022-08,2022-08,MONTH,CAPITAL_INCREASE,CAPITAL_INCREASE,True,True,,WEEK7_WEEK8_UNIFIED_CALIBER_EXTENSION_BOUNDARY_TEST,1466.9882,DISCLOSED_COMPLETE,1518.159,DISCLOSED_COMPLETE,9200.0,"9,200.0000万元",DISCLOSED_COMPLETE,DISCLOSED,CNY,万元,万元人民币,EVD-688726-0016,STANDARDIZED_RECORD,FINAL_APPROVED
EVT-688726-0017,688726,EVT-688726-0017,18,2022-11,2022-11,MONTH,EQUITY_TRANSFER,EQUITY_TRANSFER,False,False,OUT_OF_SCOPE_EVENT_TYPE:EQUITY_TRANSFER,WEEK7_WEEK8_UNIFIED_CALIBER_EXTENSION_BOUNDARY_TEST,,NOT_APPLICABLE,,NOT_APPLICABLE,,,NOT_APPLICABLE,,,,,EVD-688726-0017,STANDARDIZED_RECORD,FINAL_APPROVED
EVT-688726-OC,688726,EVT-688726-OC,19,2022-11,2022-11,MONTH,OVERALL_CHANGE,OVERALL_CHANGE,False,False,OUT_OF_SCOPE_EVENT_TYPE:OVERALL_CHANGE,WEEK7_WEEK8_UNIFIED_CALIBER_EXTENSION_BOUNDARY_TEST,1518.159,DISCLOSED_COMPLETE,1518.159,DISCLOSED_COMPLETE,,,NOT_APPLICABLE,,,,,EVD-688726-0098,STANDARDIZED_RECORD,FINAL_APPROVED
EVT-688726-0018,688726,EVT-688726-0018,20,2022-12,2022-12,MONTH,CAPITAL_INCREASE,CAPITAL_INCREASE,True,True,,WEEK7_WEEK8_UNIFIED_CALIBER_EXTENSION_BOUNDARY_TEST,1518.159,DISCLOSED_COMPLETE,1665.4205,DISCLOSED_COMPLETE,67900.0,"67,900.0000万元",DISCLOSED_COMPLETE,CALCULATED,CNY,万元,万元人民币,EVD-688726-0018,STANDARDIZED_RECORD,FINAL_APPROVED
EVT-688726-0019,688726,EVT-688726-0019,21,2022-12,2022-12,MONTH,CAPITAL_RESERVE_TRANSFER,SHARE_CAPITAL_CHANGE,False,False,OUT_OF_SCOPE_EVENT_TYPE:SHARE_CAPITAL_CHANGE,WEEK7_WEEK8_UNIFIED_CALIBER_EXTENSION_BOUNDARY_TEST,1665.4205,DISCLOSED_COMPLETE,36000.0,DISCLOSED_COMPLETE,,,NOT_APPLICABLE,,,,,EVD-688726-0019,STANDARDIZED_RECORD,FINAL_APPROVED
EVT-688726-0020,688726,EVT-688726-0020,22,2022-12,2022-12,MONTH,CAPITAL_INCREASE,CAPITAL_INCREASE,True,True,,WEEK7_WEEK8_UNIFIED_CALIBER_EXTENSION_BOUNDARY_TEST,36000.0,DISCLOSED_COMPLETE,36479.357,DISCLOSED_COMPLETE,3987.0,"3,987.0000万元",DISCLOSED_COMPLETE,DISCLOSED,CNY,万元,万元人民币,EVD-688726-0020,STANDARDIZED_RECORD,FINAL_APPROVED
